,0,1,2,3,4,5,6,7,8,9,10,11,12,13,14,15,16,17,18,19,20,21,22,23,24,25,26,27,28,29,30,31,32,33,34,35,36,37,38,39,40,41,42,43,44,45,46,47,48,49,50,51,52,53,54,55,56,57,58,59,60,61,62,63,64,65,66,67,68,69,70,71,72,73,74,75,76,77,78,79,80,81,82,83,84,85,86,87,88,89,90,91,92,93,94,95,96,97,98,99,100
0,644.0,637.0,631.0,648.0,636.0,638.0,629.0,10000.0,10000.0,654.0,633.0,10000.0,650.0,651.0,636.0,10000.0,10000.0,635.0,615.0,10000.0,10000.0,10000.0,10000.0,596.0,500.0,10000.0,10000.0,583.0,538.0,476.0,10000.0,10000.0,467.0,10000.0,10000.0,10000.0,497.0,553.0,10000.0,10000.0,451.0,564.0,512.0,586.0,10000.0,496.0,516.0,10000.0,497.0,10000.0,503.0,511.0,557.0,10000.0,10000.0,10000.0,576.0,491.0,529.0,637.0,525.0,496.0,10000.0,10000.0,620.0,10000.0,602.0,614.0,10000.0,622.0,10000.0,550.0,10000.0,10000.0,10000.0,599.0,583.0,667.0,10000.0,662.0,629.0,649.0,629.0,644.0,686.0,648.0,634.0,630.0,676.0,646.0,646.0,687.0,641.0,659.0,624.0,10000.0,10000.0,10000.0,10000.0,10000.0,10000.0
1,636.0,630.0,629.0,647.0,634.0,640.0,635.0,629.0,635.0,635.0,627.0,10000.0,660.0,640.0,10000.0,621.0,10000.0,638.0,641.0,10000.0,10000.0,10000.0,10000.0,10000.0,10000.0,10000.0,596.0,10000.0,615.0,565.0,573.0,10000.0,10000.0,10000.0,10000.0,497.0,10000.0,10000.0,559.0,549.0,554.0,457.0,576.0,10000.0,583.0,10000.0,493.0,10000.0,10000.0,10000.0,10000.0,458.0,10000.0,10000.0,10000.0,10000.0,480.0,10000.0,10000.0,478.0,569.0,561.0,558.0,605.0,574.0,599.0,10000.0,545.0,10000.0,570.0,650.0,10000.0,564.0,10000.0,10000.0,10000.0,10000.0,669.0,655.0,624.0,676.0,627.0,10000.0,619.0,10000.0,643.0,656.0,666.0,635.0,673.0,646.0,10000.0,632.0,10000.0,10000.0,668.0,644.0,612.0,587.0,572.0,10000.0
2,637.0,634.0,637.0,631.0,630.0,630.0,628.0,624.0,627.0,632.0,638.0,641.0,633.0,638.0,10000.0,652.0,633.0,10000.0,642.0,640.0,10000.0,10000.0,10000.0,10000.0,10000.0,10000.0,528.0,10000.0,562.0,10000.0,10000.0,10000.0,10000.0,10000.0,10000.0,10000.0,471.0,10000.0,10000.0,500.0,10000.0,10000.0,10000.0,556.0,514.0,582.0,10000.0,566.0,10000.0,10000.0,463.0,623.0,564.0,567.0,496.0,10000.0,10000.0,560.0,10000.0,589.0,515.0,10000.0,536.0,10000.0,611.0,628.0,596.0,542.0,557.0,10000.0,10000.0,10000.0,543.0,10000.0,621.0,10000.0,654.0,641.0,599.0,10000.0,596.0,666.0,647.0,628.0,645.0,685.0,648.0,634.0,625.0,675.0,643.0,655.0,662.0,633.0,662.0,638.0,10000.0,649.0,624.0,10000.0,567.0
3,638.0,633.0,642.0,643.0,646.0,637.0,643.0,641.0,635.0,629.0,626.0,637.0,636.0,637.0,636.0,641.0,649.0,10000.0,643.0,10000.0,631.0,616.0,10000.0,10000.0,10000.0,10000.0,553.0,529.0,599.0,10000.0,10000.0,10000.0,472.0,545.0,569.0,10000.0,549.0,556.0,563.0,579.0,10000.0,489.0,457.0,508.0,10000.0,10000.0,586.0,10000.0,488.0,10000.0,10000.0,10000.0,560.0,621.0,593.0,506.0,10000.0,10000.0,506.0,531.0,10000.0,589.0,503.0,581.0,507.0,615.0,614.0,10000.0,573.0,10000.0,10000.0,581.0,10000.0,10000.0,10000.0,10000.0,635.0,10000.0,10000.0,10000.0,621.0,623.0,625.0,10000.0,623.0,10000.0,645.0,654.0,675.0,634.0,672.0,646.0,10000.0,646.0,649.0,10000.0,652.0,615.0,610.0,601.0,581.0
4,624.0,10000.0,680.0,10000.0,10000.0,10000.0,678.0,636.0,640.0,644.0,642.0,641.0,637.0,629.0,627.0,625.0,637.0,631.0,632.0,647.0,659.0,641.0,636.0,10000.0,10000.0,10000.0,10000.0,648.0,541.0,559.0,10000.0,552.0,10000.0,10000.0,569.0,10000.0,10000.0,10000.0,544.0,10000.0,471.0,10000.0,10000.0,10000.0,10000.0,10000.0,10000.0,585.0,10000.0,530.0,10000.0,10000.0,431.0,430.0,10000.0,620.0,468.0,10000.0,488.0,582.0,10000.0,561.0,10000.0,556.0,586.0,530.0,10000.0,597.0,611.0,609.0,10000.0,534.0,596.0,10000.0,10000.0,10000.0,645.0,626.0,10000.0,10000.0,10000.0,609.0,676.0,651.0,636.0,647.0,689.0,647.0,642.0,638.0,666.0,653.0,643.0,645.0,10000.0,625.0,653.0,647.0,645.0,651.0,601.0
5,629.0,627.0,633.0,624.0,617.0,620.0,618.0,632.0,636.0,631.0,10000.0,10000.0,622.0,638.0,637.0,636.0,629.0,633.0,632.0,643.0,633.0,648.0,10000.0,632.0,626.0,10000.0,10000.0,611.0,599.0,10000.0,10000.0,553.0,10000.0,10000.0,578.0,445.0,10000.0,10000.0,10000.0,10000.0,419.0,422.0,471.0,592.0,546.0,10000.0,10000.0,10000.0,579.0,10000.0,10000.0,494.0,617.0,10000.0,10000.0,474.0,591.0,10000.0,10000.0,10000.0,10000.0,10000.0,570.0,522.0,460.0,10000.0,500.0,630.0,563.0,10000.0,601.0,10000.0,554.0,10000.0,550.0,10000.0,570.0,10000.0,10000.0,10000.0,10000.0,632.0,633.0,628.0,10000.0,627.0,10000.0,645.0,659.0,665.0,632.0,641.0,642.0,10000.0,631.0,634.0,10000.0,10000.0,10000.0,10000.0,10000.0
6,598.0,602.0,593.0,612.0,620.0,633.0,642.0,642.0,10000.0,10000.0,618.0,606.0,630.0,643.0,10000.0,673.0,648.0,637.0,637.0,629.0,635.0,635.0,636.0,644.0,10000.0,622.0,632.0,638.0,625.0,10000.0,603.0,560.0,580.0,10000.0,507.0,480.0,525.0,10000.0,597.0,10000.0,613.0,10000.0,10000.0,551.0,529.0,536.0,10000.0,468.0,10000.0,583.0,10000.0,493.0,485.0,515.0,552.0,10000.0,10000.0,532.0,10000.0,10000.0,10000.0,10000.0,463.0,643.0,568.0,583.0,10000.0,570.0,622.0,10000.0,623.0,10000.0,587.0,525.0,10000.0,10000.0,10000.0,651.0,646.0,10000.0,10000.0,10000.0,611.0,674.0,652.0,628.0,640.0,666.0,651.0,638.0,636.0,660.0,648.0,10000.0,653.0,10000.0,647.0,620.0,607.0,616.0,593.0
7,639.0,640.0,645.0,644.0,628.0,622.0,10000.0,10000.0,680.0,626.0,611.0,600.0,644.0,10000.0,669.0,613.0,631.0,645.0,10000.0,642.0,643.0,639.0,624.0,633.0,647.0,626.0,10000.0,635.0,631.0,637.0,654.0,10000.0,580.0,10000.0,10000.0,10000.0,10000.0,458.0,518.0,10000.0,10000.0,10000.0,10000.0,10000.0,583.0,10000.0,498.0,10000.0,530.0,452.0,549.0,10000.0,10000.0,10000.0,10000.0,10000.0,10000.0,10000.0,10000.0,10000.0,10000.0,521.0,553.0,592.0,623.0,556.0,575.0,533.0,585.0,613.0,565.0,528.0,10000.0,10000.0,10000.0,568.0,10000.0,592.0,587.0,608.0,10000.0,10000.0,630.0,619.0,633.0,10000.0,621.0,10000.0,648.0,655.0,639.0,636.0,643.0,648.0,10000.0,638.0,649.0,645.0,603.0,629.0,597.0
8,10000.0,10000.0,10000.0,10000.0,10000.0,10000.0,10000.0,664.0,623.0,610.0,658.0,609.0,643.0,10000.0,635.0,601.0,635.0,10000.0,623.0,629.0,671.0,650.0,647.0,641.0,618.0,626.0,648.0,644.0,10000.0,634.0,629.0,10000.0,613.0,615.0,569.0,559.0,525.0,10000.0,10000.0,10000.0,599.0,10000.0,509.0,10000.0,10000.0,574.0,468.0,526.0,493.0,577.0,10000.0,528.0,10000.0,515.0,10000.0,451.0,608.0,598.0,607.0,10000.0,10000.0,576.0,10000.0,512.0,456.0,524.0,514.0,10000.0,589.0,614.0,10000.0,10000.0,10000.0,10000.0,497.0,10000.0,562.0,10000.0,10000.0,680.0,10000.0,10000.0,10000.0,605.0,644.0,647.0,629.0,652.0,650.0,662.0,654.0,629.0,675.0,642.0,10000.0,650.0,690.0,10000.0,10000.0,645.0,10000.0
9,629.0,10000.0,638.0,598.0,608.0,625.0,605.0,662.0,613.0,607.0,622.0,10000.0,622.0,10000.0,641.0,10000.0,620.0,10000.0,607.0,616.0,10000.0,626.0,646.0,10000.0,647.0,634.0,634.0,635.0,633.0,641.0,645.0,10000.0,610.0,625.0,10000.0,10000.0,10000.0,10000.0,489.0,10000.0,10000.0,10000.0,10000.0,10000.0,520.0,487.0,586.0,398.0,542.0,570.0,573.0,469.0,547.0,10000.0,464.0,10000.0,10000.0,508.0,10000.0,624.0,10000.0,10000.0,465.0,10000.0,10000.0,10000.0,10000.0,569.0,533.0,10000.0,605.0,10000.0,616.0,10000.0,574.0,10000.0,633.0,10000.0,600.0,10000.0,640.0,10000.0,10000.0,620.0,665.0,597.0,10000.0,640.0,10000.0,633.0,641.0,637.0,661.0,642.0,669.0,666.0,10000.0,636.0,646.0,626.0,613.0
10,10000.0,10000.0,10000.0,10000.0,10000.0,615.0,10000.0,10000.0,10000.0,10000.0,10000.0,10000.0,593.0,10000.0,596.0,598.0,10000.0,10000.0,615.0,596.0,677.0,610.0,625.0,692.0,620.0,10000.0,651.0,640.0,623.0,632.0,639.0,657.0,621.0,636.0,10000.0,614.0,10000.0,626.0,579.0,10000.0,10000.0,10000.0,10000.0,10000.0,10000.0,466.0,455.0,562.0,539.0,448.0,483.0,515.0,10000.0,10000.0,10000.0,486.0,10000.0,461.0,574.0,513.0,569.0,10000.0,10000.0,508.0,10000.0,579.0,628.0,10000.0,10000.0,583.0,600.0,567.0,10000.0,622.0,10000.0,535.0,566.0,613.0,10000.0,10000.0,676.0,10000.0,10000.0,10000.0,612.0,626.0,643.0,620.0,672.0,648.0,655.0,668.0,637.0,671.0,643.0,10000.0,642.0,667.0,656.0,10000.0,10000.0
11,10000.0,10000.0,611.0,10000.0,10000.0,10000.0,10000.0,10000.0,10000.0,10000.0,10000.0,626.0,10000.0,678.0,676.0,10000.0,10000.0,591.0,643.0,632.0,622.0,643.0,594.0,10000.0,595.0,10000.0,621.0,669.0,644.0,634.0,628.0,632.0,632.0,10000.0,10000.0,656.0,598.0,604.0,10000.0,10000.0,10000.0,631.0,10000.0,10000.0,10000.0,10000.0,476.0,10000.0,618.0,570.0,518.0,452.0,476.0,10000.0,10000.0,10000.0,575.0,571.0,504.0,554.0,10000.0,570.0,10000.0,442.0,10000.0,10000.0,581.0,509.0,10000.0,596.0,610.0,616.0,10000.0,475.0,10000.0,595.0,10000.0,576.0,10000.0,600.0,10000.0,10000.0,10000.0,635.0,618.0,10000.0,624.0,665.0,643.0,10000.0,643.0,637.0,641.0,670.0,639.0,10000.0,649.0,10000.0,10000.0,633.0,636.0
12,631.0,596.0,621.0,10000.0,10000.0,10000.0,10000.0,10000.0,10000.0,10000.0,10000.0,10000.0,611.0,601.0,581.0,10000.0,10000.0,610.0,672.0,610.0,10000.0,10000.0,589.0,618.0,609.0,636.0,615.0,627.0,619.0,667.0,638.0,634.0,635.0,637.0,639.0,624.0,628.0,10000.0,603.0,641.0,515.0,565.0,10000.0,452.0,537.0,10000.0,10000.0,10000.0,10000.0,10000.0,446.0,10000.0,487.0,551.0,535.0,10000.0,537.0,10000.0,10000.0,588.0,602.0,629.0,10000.0,10000.0,531.0,10000.0,447.0,582.0,561.0,10000.0,481.0,10000.0,603.0,507.0,597.0,10000.0,560.0,576.0,614.0,10000.0,10000.0,643.0,10000.0,605.0,10000.0,616.0,628.0,10000.0,621.0,10000.0,643.0,654.0,632.0,639.0,635.0,651.0,670.0,665.0,625.0,641.0,651.0
13,10000.0,10000.0,10000.0,604.0,10000.0,10000.0,588.0,538.0,551.0,548.0,10000.0,10000.0,10000.0,561.0,10000.0,10000.0,10000.0,10000.0,615.0,10000.0,10000.0,10000.0,574.0,10000.0,10000.0,639.0,710.0,10000.0,615.0,613.0,615.0,10000.0,647.0,640.0,630.0,633.0,10000.0,10000.0,624.0,600.0,10000.0,10000.0,570.0,10000.0,10000.0,484.0,535.0,10000.0,500.0,538.0,449.0,527.0,10000.0,10000.0,490.0,582.0,10000.0,10000.0,10000.0,10000.0,426.0,10000.0,580.0,10000.0,10000.0,542.0,10000.0,580.0,556.0,10000.0,10000.0,500.0,608.0,10000.0,10000.0,10000.0,555.0,10000.0,613.0,10000.0,598.0,10000.0,10000.0,670.0,622.0,627.0,10000.0,637.0,638.0,641.0,662.0,650.0,635.0,637.0,680.0,647.0,10000.0,634.0,625.0,10000.0,10000.0
14,566.0,637.0,10000.0,574.0,602.0,10000.0,10000.0,10000.0,10000.0,614.0,612.0,10000.0,10000.0,10000.0,10000.0,10000.0,10000.0,611.0,551.0,538.0,10000.0,621.0,567.0,632.0,10000.0,616.0,636.0,562.0,10000.0,597.0,611.0,668.0,621.0,10000.0,651.0,629.0,624.0,620.0,638.0,10000.0,638.0,593.0,549.0,512.0,10000.0,574.0,10000.0,506.0,10000.0,544.0,10000.0,460.0,527.0,10000.0,10000.0,10000.0,581.0,10000.0,525.0,10000.0,10000.0,423.0,513.0,513.0,10000.0,491.0,10000.0,10000.0,578.0,588.0,578.0,523.0,663.0,619.0,10000.0,598.0,10000.0,548.0,583.0,567.0,10000.0,636.0,10000.0,644.0,10000.0,668.0,643.0,617.0,10000.0,632.0,10000.0,644.0,646.0,633.0,664.0,641.0,653.0,657.0,10000.0,654.0,628.0
15,10000.0,591.0,538.0,613.0,10000.0,518.0,521.0,537.0,616.0,10000.0,10000.0,10000.0,10000.0,626.0,583.0,572.0,588.0,531.0,544.0,616.0,10000.0,10000.0,547.0,10000.0,597.0,565.0,10000.0,638.0,10000.0,10000.0,644.0,615.0,612.0,10000.0,645.0,648.0,630.0,638.0,633.0,651.0,627.0,607.0,615.0,638.0,536.0,528.0,10000.0,10000.0,10000.0,10000.0,513.0,441.0,10000.0,570.0,10000.0,572.0,500.0,10000.0,542.0,493.0,531.0,10000.0,10000.0,626.0,10000.0,10000.0,500.0,10000.0,477.0,621.0,485.0,10000.0,469.0,607.0,10000.0,558.0,10000.0,532.0,10000.0,550.0,10000.0,597.0,595.0,10000.0,610.0,623.0,608.0,672.0,644.0,629.0,666.0,653.0,654.0,667.0,632.0,637.0,650.0,694.0,651.0,626.0,645.0
16,10000.0,10000.0,10000.0,10000.0,10000.0,10000.0,10000.0,10000.0,599.0,592.0,559.0,518.0,10000.0,544.0,570.0,603.0,610.0,10000.0,10000.0,10000.0,10000.0,10000.0,602.0,10000.0,563.0,571.0,10000.0,10000.0,10000.0,10000.0,10000.0,636.0,10000.0,635.0,601.0,626.0,10000.0,641.0,630.0,635.0,10000.0,637.0,10000.0,10000.0,10000.0,539.0,527.0,10000.0,10000.0,10000.0,10000.0,429.0,10000.0,10000.0,540.0,528.0,498.0,454.0,10000.0,10000.0,512.0,483.0,10000.0,447.0,10000.0,10000.0,467.0,10000.0,483.0,579.0,10000.0,580.0,10000.0,606.0,593.0,10000.0,595.0,10000.0,572.0,10000.0,10000.0,10000.0,10000.0,566.0,10000.0,649.0,634.0,10000.0,618.0,662.0,647.0,700.0,651.0,641.0,639.0,673.0,643.0,10000.0,632.0,627.0,669.0
17,10000.0,10000.0,609.0,567.0,597.0,503.0,618.0,496.0,503.0,567.0,10000.0,10000.0,10000.0,10000.0,10000.0,10000.0,611.0,10000.0,10000.0,10000.0,472.0,533.0,10000.0,10000.0,10000.0,10000.0,594.0,10000.0,10000.0,10000.0,575.0,10000.0,10000.0,561.0,647.0,10000.0,641.0,646.0,642.0,643.0,636.0,651.0,10000.0,652.0,643.0,10000.0,587.0,570.0,578.0,10000.0,10000.0,460.0,10000.0,10000.0,542.0,10000.0,457.0,502.0,583.0,10000.0,10000.0,10000.0,10000.0,531.0,630.0,533.0,10000.0,10000.0,10000.0,461.0,623.0,10000.0,10000.0,605.0,609.0,10000.0,585.0,10000.0,10000.0,10000.0,10000.0,10000.0,10000.0,10000.0,10000.0,10000.0,10000.0,633.0,627.0,10000.0,619.0,10000.0,636.0,652.0,639.0,667.0,643.0,655.0,649.0,10000.0,10000.0
18,547.0,10000.0,10000.0,10000.0,624.0,10000.0,10000.0,599.0,604.0,622.0,617.0,607.0,600.0,600.0,606.0,599.0,600.0,603.0,620.0,611.0,587.0,10000.0,10000.0,511.0,595.0,576.0,10000.0,10000.0,10000.0,10000.0,549.0,10000.0,10000.0,10000.0,597.0,609.0,594.0,600.0,623.0,10000.0,640.0,631.0,633.0,636.0,635.0,617.0,595.0,598.0,10000.0,10000.0,10000.0,10000.0,10000.0,526.0,10000.0,517.0,545.0,10000.0,459.0,10000.0,10000.0,611.0,506.0,10000.0,602.0,624.0,10000.0,10000.0,10000.0,561.0,444.0,10000.0,597.0,10000.0,10000.0,612.0,523.0,595.0,10000.0,10000.0,10000.0,10000.0,617.0,10000.0,10000.0,10000.0,640.0,619.0,10000.0,655.0,630.0,633.0,655.0,649.0,665.0,641.0,645.0,656.0,668.0,639.0,632.0
19,501.0,10000.0,10000.0,606.0,619.0,611.0,605.0,627.0,486.0,555.0,530.0,546.0,10000.0,584.0,526.0,491.0,532.0,10000.0,10000.0,565.0,10000.0,578.0,516.0,600.0,610.0,566.0,10000.0,588.0,576.0,10000.0,528.0,10000.0,627.0,535.0,10000.0,553.0,10000.0,10000.0,10000.0,10000.0,633.0,636.0,629.0,635.0,622.0,616.0,634.0,619.0,10000.0,10000.0,10000.0,451.0,10000.0,10000.0,10000.0,518.0,555.0,483.0,549.0,10000.0,10000.0,472.0,10000.0,441.0,457.0,498.0,10000.0,10000.0,482.0,10000.0,10000.0,614.0,512.0,10000.0,590.0,615.0,10000.0,503.0,10000.0,10000.0,10000.0,10000.0,595.0,10000.0,637.0,646.0,690.0,657.0,617.0,616.0,697.0,640.0,693.0,650.0,633.0,633.0,677.0,639.0,10000.0,630.0,665.0
20,559.0,606.0,602.0,605.0,510.0,487.0,10000.0,10000.0,518.0,10000.0,10000.0,537.0,579.0,595.0,567.0,534.0,556.0,543.0,10000.0,550.0,579.0,10000.0,10000.0,597.0,10000.0,589.0,510.0,613.0,579.0,599.0,481.0,10000.0,511.0,10000.0,558.0,602.0,10000.0,10000.0,588.0,605.0,609.0,630.0,642.0,629.0,637.0,652.0,10000.0,618.0,614.0,519.0,10000.0,10000.0,10000.0,10000.0,539.0,10000.0,456.0,554.0,461.0,566.0,553.0,10000.0,474.0,10000.0,480.0,523.0,603.0,10000.0,10000.0,10000.0,10000.0,10000.0,540.0,601.0,10000.0,651.0,604.0,10000.0,615.0,645.0,575.0,645.0,10000.0,592.0,591.0,10000.0,632.0,638.0,597.0,634.0,674.0,626.0,10000.0,642.0,647.0,627.0,668.0,638.0,10000.0,637.0,10000.0
21,601.0,585.0,608.0,456.0,485.0,614.0,10000.0,10000.0,561.0,573.0,554.0,558.0,10000.0,557.0,10000.0,624.0,614.0,614.0,619.0,617.0,10000.0,562.0,10000.0,10000.0,512.0,528.0,10000.0,10000.0,10000.0,485.0,613.0,562.0,580.0,10000.0,10000.0,10000.0,10000.0,591.0,10000.0,10000.0,677.0,610.0,616.0,628.0,634.0,636.0,638.0,10000.0,620.0,10000.0,521.0,587.0,10000.0,10000.0,10000.0,10000.0,478.0,416.0,425.0,527.0,10000.0,596.0,535.0,458.0,484.0,552.0,10000.0,546.0,10000.0,10000.0,10000.0,575.0,619.0,492.0,10000.0,525.0,619.0,10000.0,623.0,10000.0,573.0,564.0,583.0,10000.0,10000.0,614.0,10000.0,10000.0,619.0,10000.0,647.0,637.0,632.0,654.0,656.0,645.0,631.0,646.0,653.0,656.0,10000.0
22,597.0,536.0,10000.0,10000.0,10000.0,10000.0,10000.0,10000.0,519.0,581.0,607.0,488.0,505.0,10000.0,577.0,506.0,600.0,10000.0,535.0,495.0,10000.0,10000.0,10000.0,489.0,592.0,566.0,612.0,502.0,554.0,577.0,10000.0,10000.0,608.0,565.0,10000.0,10000.0,529.0,553.0,10000.0,632.0,10000.0,621.0,10000.0,672.0,10000.0,640.0,637.0,636.0,10000.0,601.0,663.0,10000.0,10000.0,10000.0,485.0,10000.0,425.0,10000.0,441.0,10000.0,515.0,530.0,10000.0,462.0,10000.0,10000.0,383.0,567.0,10000.0,10000.0,555.0,585.0,10000.0,490.0,582.0,10000.0,602.0,568.0,10000.0,10000.0,10000.0,10000.0,571.0,10000.0,10000.0,10000.0,601.0,608.0,681.0,633.0,625.0,704.0,638.0,690.0,645.0,643.0,634.0,665.0,634.0,10000.0,640.0
23,531.0,10000.0,519.0,549.0,547.0,578.0,579.0,10000.0,477.0,10000.0,409.0,432.0,10000.0,604.0,10000.0,10000.0,10000.0,519.0,496.0,508.0,10000.0,482.0,530.0,500.0,10000.0,10000.0,10000.0,602.0,498.0,549.0,10000.0,10000.0,517.0,10000.0,586.0,563.0,10000.0,10000.0,530.0,10000.0,598.0,560.0,651.0,628.0,669.0,10000.0,637.0,628.0,641.0,10000.0,10000.0,573.0,487.0,10000.0,10000.0,10000.0,584.0,10000.0,10000.0,576.0,10000.0,450.0,586.0,10000.0,540.0,504.0,603.0,451.0,513.0,10000.0,482.0,10000.0,10000.0,612.0,10000.0,10000.0,580.0,616.0,583.0,568.0,10000.0,499.0,10000.0,10000.0,648.0,612.0,10000.0,628.0,623.0,605.0,641.0,10000.0,624.0,10000.0,642.0,644.0,636.0,661.0,646.0,10000.0,648.0
24,10000.0,575.0,593.0,570.0,581.0,546.0,493.0,10000.0,476.0,475.0,10000.0,524.0,475.0,10000.0,511.0,470.0,10000.0,10000.0,10000.0,10000.0,10000.0,10000.0,10000.0,10000.0,10000.0,10000.0,531.0,10000.0,498.0,10000.0,520.0,565.0,535.0,499.0,578.0,492.0,597.0,10000.0,10000.0,603.0,10000.0,631.0,10000.0,10000.0,611.0,630.0,10000.0,637.0,634.0,644.0,630.0,10000.0,627.0,10000.0,10000.0,485.0,10000.0,496.0,481.0,520.0,488.0,10000.0,476.0,10000.0,10000.0,10000.0,403.0,10000.0,658.0,443.0,10000.0,10000.0,10000.0,577.0,554.0,504.0,10000.0,609.0,10000.0,566.0,10000.0,10000.0,10000.0,10000.0,10000.0,641.0,592.0,10000.0,10000.0,611.0,10000.0,648.0,625.0,668.0,647.0,646.0,632.0,631.0,643.0,653.0,659.0
25,556.0,10000.0,569.0,10000.0,440.0,10000.0,10000.0,487.0,10000.0,484.0,500.0,10000.0,10000.0,10000.0,10000.0,10000.0,10000.0,10000.0,504.0,10000.0,508.0,518.0,530.0,517.0,472.0,10000.0,555.0,10000.0,10000.0,10000.0,10000.0,516.0,10000.0,472.0,10000.0,512.0,559.0,10000.0,596.0,522.0,10000.0,567.0,560.0,10000.0,625.0,644.0,617.0,629.0,640.0,642.0,612.0,613.0,586.0,599.0,10000.0,481.0,10000.0,10000.0,420.0,10000.0,454.0,10000.0,569.0,523.0,10000.0,543.0,562.0,10000.0,10000.0,577.0,10000.0,10000.0,10000.0,597.0,600.0,556.0,603.0,568.0,589.0,582.0,619.0,620.0,595.0,10000.0,615.0,10000.0,10000.0,10000.0,643.0,662.0,610.0,611.0,664.0,648.0,650.0,652.0,664.0,640.0,631.0,652.0,620.0
26,552.0,610.0,586.0,518.0,10000.0,10000.0,10000.0,10000.0,521.0,591.0,10000.0,10000.0,10000.0,573.0,10000.0,538.0,596.0,10000.0,541.0,421.0,511.0,571.0,480.0,10000.0,10000.0,541.0,521.0,533.0,10000.0,596.0,520.0,10000.0,10000.0,10000.0,10000.0,10000.0,553.0,532.0,486.0,547.0,578.0,567.0,10000.0,594.0,586.0,10000.0,10000.0,594.0,615.0,635.0,637.0,626.0,10000.0,10000.0,10000.0,10000.0,10000.0,557.0,482.0,10000.0,10000.0,552.0,448.0,465.0,10000.0,10000.0,10000.0,538.0,511.0,560.0,10000.0,10000.0,10000.0,519.0,589.0,10000.0,10000.0,10000.0,606.0,10000.0,497.0,558.0,628.0,10000.0,10000.0,615.0,10000.0,10000.0,620.0,10000.0,647.0,628.0,10000.0,635.0,10000.0,644.0,629.0,623.0,671.0,646.0,10000.0
27,610.0,568.0,600.0,520.0,597.0,10000.0,511.0,433.0,10000.0,10000.0,10000.0,487.0,522.0,599.0,564.0,483.0,10000.0,548.0,436.0,10000.0,483.0,10000.0,445.0,10000.0,495.0,478.0,512.0,10000.0,472.0,583.0,459.0,545.0,481.0,569.0,10000.0,10000.0,10000.0,525.0,503.0,10000.0,10000.0,604.0,486.0,10000.0,565.0,10000.0,595.0,10000.0,604.0,10000.0,633.0,641.0,10000.0,10000.0,564.0,507.0,508.0,10000.0,10000.0,10000.0,429.0,504.0,10000.0,10000.0,477.0,10000.0,509.0,585.0,10000.0,429.0,568.0,10000.0,10000.0,598.0,517.0,565.0,570.0,533.0,602.0,558.0,496.0,10000.0,10000.0,10000.0,10000.0,10000.0,10000.0,10000.0,10000.0,637.0,10000.0,670.0,634.0,621.0,10000.0,649.0,637.0,635.0,673.0,639.0,10000.0
28,10000.0,10000.0,10000.0,10000.0,10000.0,10000.0,10000.0,10000.0,10000.0,534.0,10000.0,598.0,10000.0,573.0,10000.0,557.0,533.0,416.0,10000.0,532.0,10000.0,10000.0,10000.0,479.0,566.0,448.0,521.0,565.0,544.0,559.0,10000.0,451.0,430.0,584.0,422.0,553.0,486.0,10000.0,490.0,10000.0,558.0,564.0,515.0,10000.0,10000.0,10000.0,10000.0,581.0,604.0,599.0,10000.0,625.0,642.0,633.0,579.0,548.0,10000.0,559.0,10000.0,10000.0,463.0,577.0,509.0,478.0,525.0,595.0,10000.0,10000.0,533.0,547.0,607.0,10000.0,10000.0,10000.0,10000.0,10000.0,585.0,10000.0,598.0,609.0,10000.0,614.0,627.0,594.0,10000.0,10000.0,10000.0,665.0,645.0,635.0,636.0,10000.0,633.0,634.0,10000.0,651.0,641.0,626.0,632.0,643.0,10000.0
29,579.0,580.0,10000.0,10000.0,10000.0,10000.0,10000.0,10000.0,10000.0,604.0,10000.0,10000.0,432.0,578.0,490.0,10000.0,518.0,10000.0,594.0,538.0,471.0,10000.0,10000.0,10000.0,10000.0,10000.0,10000.0,10000.0,10000.0,10000.0,10000.0,503.0,492.0,426.0,10000.0,540.0,437.0,438.0,532.0,10000.0,483.0,503.0,10000.0,494.0,587.0,566.0,519.0,10000.0,573.0,10000.0,623.0,660.0,636.0,10000.0,10000.0,10000.0,529.0,10000.0,10000.0,10000.0,10000.0,481.0,10000.0,10000.0,10000.0,514.0,10000.0,10000.0,542.0,576.0,573.0,10000.0,10000.0,512.0,10000.0,439.0,573.0,519.0,535.0,607.0,10000.0,521.0,532.0,10000.0,10000.0,10000.0,587.0,10000.0,10000.0,10000.0,725.0,632.0,601.0,668.0,646.0,645.0,650.0,640.0,638.0,627.0,651.0
30,10000.0,10000.0,551.0,481.0,10000.0,10000.0,10000.0,567.0,607.0,575.0,443.0,10000.0,415.0,427.0,539.0,10000.0,10000.0,535.0,10000.0,10000.0,10000.0,460.0,544.0,492.0,514.0,467.0,446.0,10000.0,10000.0,430.0,504.0,536.0,555.0,486.0,10000.0,488.0,10000.0,495.0,10000.0,10000.0,502.0,10000.0,580.0,597.0,536.0,590.0,530.0,10000.0,10000.0,10000.0,691.0,613.0,645.0,628.0,616.0,624.0,10000.0,567.0,455.0,527.0,10000.0,508.0,10000.0,444.0,10000.0,471.0,10000.0,10000.0,10000.0,481.0,444.0,603.0,10000.0,432.0,10000.0,10000.0,574.0,548.0,10000.0,582.0,561.0,514.0,10000.0,10000.0,10000.0,575.0,10000.0,10000.0,10000.0,645.0,627.0,668.0,625.0,10000.0,627.0,10000.0,641.0,631.0,638.0,640.0,649.0
31,10000.0,10000.0,10000.0,10000.0,10000.0,443.0,577.0,564.0,429.0,541.0,576.0,480.0,495.0,10000.0,443.0,10000.0,455.0,10000.0,10000.0,550.0,10000.0,10000.0,436.0,566.0,10000.0,476.0,483.0,10000.0,10000.0,448.0,10000.0,487.0,10000.0,447.0,550.0,461.0,544.0,10000.0,10000.0,588.0,582.0,512.0,10000.0,477.0,513.0,500.0,578.0,489.0,10000.0,632.0,10000.0,602.0,657.0,631.0,635.0,615.0,631.0,605.0,10000.0,421.0,10000.0,538.0,10000.0,485.0,10000.0,429.0,473.0,10000.0,10000.0,497.0,10000.0,10000.0,533.0,10000.0,10000.0,10000.0,547.0,548.0,10000.0,607.0,599.0,501.0,10000.0,579.0,10000.0,10000.0,591.0,629.0,598.0,10000.0,649.0,610.0,640.0,10000.0,620.0,10000.0,646.0,632.0,639.0,677.0,644.0
32,10000.0,479.0,10000.0,10000.0,10000.0,513.0,659.0,10000.0,509.0,10000.0,533.0,542.0,10000.0,10000.0,10000.0,10000.0,10000.0,540.0,511.0,449.0,552.0,10000.0,10000.0,10000.0,483.0,549.0,527.0,456.0,396.0,425.0,494.0,520.0,467.0,514.0,550.0,10000.0,448.0,532.0,522.0,10000.0,10000.0,10000.0,441.0,10000.0,420.0,10000.0,517.0,596.0,10000.0,536.0,604.0,10000.0,625.0,611.0,633.0,630.0,620.0,10000.0,540.0,10000.0,10000.0,10000.0,458.0,10000.0,490.0,452.0,10000.0,497.0,10000.0,10000.0,420.0,10000.0,10000.0,10000.0,519.0,487.0,492.0,578.0,10000.0,455.0,597.0,10000.0,551.0,10000.0,629.0,615.0,10000.0,10000.0,676.0,640.0,652.0,627.0,10000.0,651.0,626.0,10000.0,650.0,643.0,632.0,665.0,641.0
33,10000.0,10000.0,10000.0,10000.0,547.0,567.0,451.0,10000.0,10000.0,538.0,585.0,10000.0,10000.0,10000.0,10000.0,495.0,518.0,10000.0,496.0,10000.0,10000.0,499.0,556.0,498.0,535.0,10000.0,10000.0,420.0,530.0,10000.0,517.0,468.0,503.0,10000.0,10000.0,10000.0,10000.0,404.0,10000.0,10000.0,447.0,10000.0,534.0,10000.0,488.0,10000.0,518.0,10000.0,531.0,587.0,542.0,638.0,10000.0,10000.0,10000.0,627.0,10000.0,632.0,593.0,10000.0,593.0,10000.0,10000.0,10000.0,578.0,10000.0,484.0,517.0,10000.0,446.0,429.0,434.0,602.0,10000.0,590.0,10000.0,10000.0,572.0,10000.0,486.0,605.0,10000.0,10000.0,10000.0,621.0,10000.0,10000.0,590.0,10000.0,10000.0,603.0,655.0,649.0,623.0,630.0,638.0,640.0,649.0,631.0,648.0,647.0
34,468.0,10000.0,10000.0,10000.0,612.0,10000.0,383.0,611.0,402.0,565.0,10000.0,509.0,10000.0,10000.0,10000.0,471.0,10000.0,485.0,447.0,10000.0,552.0,10000.0,10000.0,10000.0,407.0,533.0,488.0,10000.0,10000.0,10000.0,10000.0,10000.0,10000.0,10000.0,10000.0,10000.0,420.0,10000.0,10000.0,447.0,10000.0,455.0,526.0,10000.0,590.0,506.0,10000.0,10000.0,519.0,485.0,516.0,10000.0,10000.0,633.0,609.0,628.0,628.0,637.0,10000.0,10000.0,10000.0,494.0,10000.0,509.0,10000.0,589.0,448.0,10000.0,10000.0,10000.0,541.0,576.0,10000.0,491.0,10000.0,487.0,481.0,10000.0,10000.0,611.0,511.0,600.0,10000.0,10000.0,10000.0,10000.0,564.0,644.0,10000.0,10000.0,632.0,10000.0,647.0,605.0,664.0,653.0,630.0,646.0,630.0,630.0,645.0
35,10000.0,10000.0,531.0,623.0,496.0,523.0,551.0,10000.0,503.0,10000.0,545.0,10000.0,10000.0,596.0,513.0,469.0,428.0,452.0,10000.0,590.0,480.0,543.0,10000.0,10000.0,451.0,10000.0,10000.0,10000.0,10000.0,10000.0,547.0,10000.0,10000.0,10000.0,423.0,10000.0,546.0,10000.0,10000.0,10000.0,490.0,10000.0,10000.0,429.0,10000.0,539.0,432.0,526.0,10000.0,10000.0,587.0,520.0,10000.0,617.0,10000.0,600.0,640.0,639.0,10000.0,655.0,494.0,10000.0,10000.0,10000.0,482.0,478.0,10000.0,499.0,545.0,457.0,10000.0,493.0,583.0,524.0,10000.0,501.0,477.0,479.0,10000.0,10000.0,487.0,608.0,10000.0,609.0,10000.0,10000.0,10000.0,10000.0,10000.0,645.0,663.0,596.0,657.0,622.0,10000.0,637.0,659.0,643.0,637.0,636.0,646.0
36,10000.0,10000.0,10000.0,634.0,590.0,456.0,481.0,484.0,10000.0,537.0,10000.0,10000.0,10000.0,478.0,526.0,10000.0,10000.0,10000.0,490.0,576.0,10000.0,481.0,528.0,457.0,10000.0,10000.0,10000.0,546.0,10000.0,499.0,480.0,515.0,10000.0,490.0,10000.0,10000.0,522.0,10000.0,522.0,10000.0,10000.0,10000.0,467.0,495.0,10000.0,475.0,10000.0,472.0,538.0,10000.0,533.0,603.0,10000.0,10000.0,10000.0,620.0,668.0,627.0,612.0,10000.0,10000.0,10000.0,517.0,10000.0,530.0,546.0,553.0,10000.0,509.0,10000.0,10000.0,10000.0,10000.0,598.0,10000.0,10000.0,10000.0,10000.0,520.0,10000.0,10000.0,614.0,625.0,569.0,10000.0,593.0,570.0,10000.0,10000.0,613.0,10000.0,613.0,592.0,630.0,10000.0,629.0,10000.0,650.0,639.0,629.0,640.0
37,10000.0,511.0,625.0,442.0,530.0,10000.0,440.0,10000.0,459.0,461.0,10000.0,10000.0,522.0,463.0,10000.0,477.0,10000.0,445.0,484.0,10000.0,10000.0,507.0,10000.0,10000.0,10000.0,10000.0,607.0,513.0,10000.0,608.0,10000.0,10000.0,559.0,10000.0,605.0,10000.0,10000.0,576.0,606.0,515.0,10000.0,10000.0,10000.0,10000.0,440.0,424.0,540.0,10000.0,414.0,10000.0,10000.0,10000.0,574.0,616.0,10000.0,621.0,613.0,632.0,629.0,621.0,10000.0,509.0,10000.0,10000.0,462.0,10000.0,10000.0,10000.0,448.0,10000.0,535.0,519.0,557.0,567.0,582.0,10000.0,530.0,408.0,584.0,561.0,10000.0,602.0,10000.0,599.0,10000.0,542.0,637.0,10000.0,10000.0,635.0,618.0,10000.0,618.0,671.0,635.0,623.0,10000.0,652.0,637.0,627.0,646.0
38,10000.0,576.0,511.0,10000.0,10000.0,10000.0,506.0,10000.0,474.0,539.0,10000.0,585.0,475.0,562.0,448.0,10000.0,508.0,10000.0,10000.0,10000.0,455.0,10000.0,10000.0,10000.0,516.0,10000.0,10000.0,522.0,10000.0,660.0,585.0,591.0,10000.0,10000.0,624.0,625.0,621.0,627.0,622.0,633.0,602.0,10000.0,10000.0,529.0,451.0,10000.0,542.0,428.0,10000.0,428.0,498.0,532.0,10000.0,604.0,10000.0,10000.0,604.0,615.0,626.0,643.0,639.0,10000.0,10000.0,10000.0,10000.0,10000.0,10000.0,500.0,552.0,546.0,10000.0,10000.0,532.0,482.0,10000.0,10000.0,476.0,432.0,610.0,574.0,518.0,628.0,10000.0,503.0,10000.0,615.0,10000.0,10000.0,631.0,10000.0,623.0,638.0,628.0,10000.0,640.0,617.0,10000.0,636.0,640.0,628.0,644.0
39,569.0,630.0,10000.0,422.0,10000.0,480.0,10000.0,603.0,471.0,10000.0,599.0,529.0,448.0,10000.0,10000.0,553.0,503.0,573.0,482.0,505.0,540.0,10000.0,10000.0,493.0,10000.0,10000.0,509.0,10000.0,10000.0,611.0,633.0,633.0,654.0,636.0,637.0,628.0,624.0,641.0,640.0,631.0,634.0,646.0,623.0,10000.0,10000.0,537.0,10000.0,513.0,442.0,10000.0,549.0,10000.0,448.0,10000.0,571.0,10000.0,10000.0,605.0,636.0,637.0,10000.0,10000.0,526.0,610.0,10000.0,453.0,10000.0,555.0,10000.0,10000.0,10000.0,602.0,416.0,10000.0,541.0,10000.0,10000.0,10000.0,490.0,554.0,10000.0,485.0,602.0,617.0,10000.0,10000.0,572.0,10000.0,600.0,10000.0,10000.0,656.0,653.0,10000.0,642.0,623.0,10000.0,647.0,628.0,626.0,659.0
40,569.0,10000.0,595.0,425.0,10000.0,531.0,512.0,10000.0,10000.0,10000.0,557.0,10000.0,516.0,10000.0,486.0,452.0,10000.0,427.0,461.0,10000.0,10000.0,10000.0,10000.0,583.0,10000.0,499.0,10000.0,10000.0,636.0,10000.0,618.0,638.0,638.0,642.0,629.0,10000.0,623.0,639.0,589.0,595.0,611.0,628.0,10000.0,631.0,625.0,10000.0,10000.0,526.0,10000.0,10000.0,10000.0,521.0,10000.0,582.0,597.0,512.0,581.0,10000.0,618.0,630.0,608.0,609.0,10000.0,514.0,10000.0,10000.0,408.0,499.0,10000.0,10000.0,10000.0,541.0,10000.0,551.0,599.0,10000.0,512.0,608.0,506.0,553.0,10000.0,557.0,603.0,497.0,10000.0,519.0,603.0,609.0,616.0,10000.0,10000.0,606.0,653.0,720.0,621.0,629.0,10000.0,643.0,636.0,639.0,666.0
41,619.0,514.0,557.0,593.0,10000.0,10000.0,494.0,10000.0,10000.0,10000.0,10000.0,562.0,529.0,10000.0,572.0,520.0,10000.0,10000.0,10000.0,10000.0,10000.0,528.0,421.0,10000.0,10000.0,10000.0,660.0,10000.0,626.0,661.0,647.0,630.0,641.0,629.0,10000.0,10000.0,10000.0,598.0,10000.0,10000.0,10000.0,560.0,555.0,10000.0,602.0,628.0,621.0,552.0,478.0,508.0,474.0,10000.0,557.0,480.0,555.0,10000.0,612.0,10000.0,590.0,628.0,627.0,633.0,664.0,10000.0,547.0,10000.0,533.0,537.0,10000.0,436.0,461.0,473.0,540.0,438.0,10000.0,10000.0,472.0,10000.0,10000.0,10000.0,537.0,533.0,615.0,504.0,10000.0,522.0,10000.0,10000.0,10000.0,617.0,10000.0,635.0,716.0,623.0,626.0,628.0,633.0,637.0,647.0,631.0,663.0
42,607.0,10000.0,580.0,507.0,10000.0,10000.0,526.0,547.0,10000.0,585.0,457.0,549.0,459.0,424.0,440.0,10000.0,483.0,418.0,479.0,10000.0,10000.0,10000.0,454.0,10000.0,540.0,600.0,10000.0,10000.0,618.0,650.0,636.0,637.0,609.0,597.0,618.0,10000.0,10000.0,10000.0,539.0,10000.0,10000.0,586.0,497.0,10000.0,10000.0,609.0,621.0,636.0,10000.0,533.0,482.0,462.0,537.0,501.0,474.0,567.0,10000.0,557.0,617.0,611.0,633.0,626.0,592.0,610.0,10000.0,10000.0,486.0,10000.0,483.0,568.0,542.0,10000.0,10000.0,10000.0,543.0,10000.0,10000.0,10000.0,575.0,557.0,581.0,550.0,618.0,568.0,599.0,538.0,10000.0,10000.0,10000.0,10000.0,10000.0,10000.0,10000.0,624.0,608.0,642.0,631.0,648.0,650.0,638.0,649.0
43,10000.0,593.0,507.0,461.0,572.0,10000.0,10000.0,10000.0,10000.0,450.0,500.0,10000.0,481.0,551.0,415.0,10000.0,10000.0,495.0,10000.0,560.0,10000.0,555.0,10000.0,569.0,606.0,10000.0,635.0,648.0,647.0,626.0,635.0,621.0,608.0,10000.0,10000.0,562.0,10000.0,10000.0,570.0,559.0,575.0,589.0,555.0,10000.0,573.0,10000.0,588.0,579.0,637.0,10000.0,10000.0,10000.0,449.0,408.0,10000.0,10000.0,10000.0,10000.0,10000.0,10000.0,634.0,635.0,592.0,10000.0,500.0,10000.0,10000.0,10000.0,551.0,10000.0,493.0,10000.0,10000.0,483.0,422.0,503.0,10000.0,10000.0,508.0,10000.0,595.0,10000.0,604.0,10000.0,590.0,628.0,10000.0,588.0,10000.0,10000.0,10000.0,640.0,10000.0,645.0,600.0,620.0,625.0,647.0,646.0,629.0,641.0
44,10000.0,10000.0,608.0,10000.0,10000.0,572.0,538.0,10000.0,589.0,498.0,496.0,455.0,547.0,555.0,455.0,472.0,423.0,579.0,10000.0,10000.0,10000.0,509.0,10000.0,527.0,10000.0,624.0,619.0,10000.0,636.0,641.0,665.0,615.0,606.0,10000.0,579.0,609.0,10000.0,10000.0,588.0,558.0,560.0,488.0,492.0,10000.0,461.0,10000.0,10000.0,10000.0,10000.0,10000.0,574.0,10000.0,10000.0,10000.0,489.0,10000.0,588.0,10000.0,10000.0,10000.0,634.0,631.0,10000.0,10000.0,481.0,10000.0,10000.0,422.0,528.0,478.0,515.0,10000.0,10000.0,10000.0,514.0,10000.0,10000.0,518.0,598.0,621.0,569.0,591.0,603.0,10000.0,558.0,10000.0,10000.0,543.0,10000.0,10000.0,10000.0,606.0,10000.0,647.0,595.0,636.0,652.0,650.0,640.0,638.0,638.0
45,474.0,10000.0,10000.0,451.0,10000.0,487.0,10000.0,10000.0,580.0,10000.0,572.0,522.0,10000.0,513.0,514.0,10000.0,10000.0,10000.0,10000.0,483.0,480.0,10000.0,503.0,547.0,10000.0,624.0,615.0,637.0,634.0,631.0,608.0,620.0,624.0,10000.0,10000.0,512.0,10000.0,563.0,10000.0,10000.0,10000.0,10000.0,505.0,573.0,562.0,475.0,10000.0,10000.0,507.0,10000.0,10000.0,557.0,10000.0,431.0,445.0,10000.0,561.0,571.0,10000.0,10000.0,10000.0,636.0,10000.0,558.0,512.0,548.0,10000.0,531.0,458.0,482.0,468.0,10000.0,480.0,444.0,575.0,507.0,10000.0,498.0,10000.0,614.0,533.0,524.0,603.0,10000.0,518.0,10000.0,614.0,554.0,10000.0,10000.0,623.0,613.0,10000.0,647.0,595.0,635.0,642.0,645.0,651.0,634.0,645.0
46,10000.0,10000.0,544.0,10000.0,10000.0,465.0,10000.0,10000.0,535.0,492.0,10000.0,10000.0,538.0,541.0,10000.0,10000.0,542.0,10000.0,486.0,10000.0,10000.0,10000.0,10000.0,565.0,577.0,10000.0,619.0,643.0,634.0,10000.0,602.0,10000.0,10000.0,10000.0,10000.0,571.0,589.0,552.0,472.0,10000.0,490.0,447.0,10000.0,486.0,551.0,441.0,547.0,429.0,484.0,466.0,598.0,633.0,487.0,10000.0,10000.0,10000.0,560.0,553.0,540.0,596.0,623.0,625.0,623.0,10000.0,10000.0,10000.0,10000.0,10000.0,396.0,10000.0,447.0,10000.0,565.0,10000.0,482.0,515.0,10000.0,508.0,536.0,607.0,557.0,493.0,602.0,10000.0,10000.0,10000.0,617.0,550.0,10000.0,10000.0,10000.0,622.0,10000.0,642.0,599.0,629.0,626.0,643.0,648.0,628.0,643.0
47,613.0,429.0,10000.0,517.0,10000.0,518.0,10000.0,10000.0,10000.0,553.0,10000.0,10000.0,566.0,10000.0,10000.0,523.0,10000.0,10000.0,10000.0,10000.0,10000.0,10000.0,599.0,10000.0,10000.0,642.0,10000.0,632.0,644.0,619.0,10000.0,639.0,617.0,10000.0,620.0,607.0,10000.0,576.0,481.0,499.0,411.0,10000.0,432.0,10000.0,10000.0,511.0,571.0,10000.0,10000.0,10000.0,10000.0,576.0,599.0,10000.0,485.0,504.0,487.0,576.0,10000.0,10000.0,634.0,620.0,625.0,609.0,494.0,10000.0,10000.0,518.0,426.0,10000.0,10000.0,10000.0,448.0,495.0,10000.0,531.0,10000.0,10000.0,496.0,618.0,541.0,533.0,600.0,10000.0,546.0,10000.0,10000.0,10000.0,10000.0,10000.0,10000.0,607.0,10000.0,631.0,615.0,638.0,10000.0,645.0,644.0,628.0,630.0
48,568.0,560.0,431.0,618.0,485.0,10000.0,10000.0,545.0,10000.0,474.0,484.0,10000.0,525.0,10000.0,10000.0,10000.0,10000.0,10000.0,10000.0,10000.0,10000.0,487.0,629.0,590.0,10000.0,10000.0,649.0,637.0,639.0,659.0,627.0,10000.0,10000.0,10000.0,10000.0,578.0,10000.0,448.0,10000.0,556.0,532.0,450.0,10000.0,10000.0,486.0,588.0,10000.0,547.0,570.0,592.0,10000.0,10000.0,10000.0,516.0,548.0,580.0,489.0,582.0,10000.0,10000.0,595.0,635.0,608.0,10000.0,10000.0,10000.0,10000.0,471.0,495.0,447.0,10000.0,10000.0,518.0,478.0,10000.0,516.0,10000.0,480.0,10000.0,620.0,10000.0,10000.0,598.0,10000.0,571.0,632.0,10000.0,10000.0,10000.0,10000.0,10000.0,668.0,10000.0,626.0,619.0,634.0,684.0,648.0,639.0,632.0,648.0
49,458.0,627.0,10000.0,10000.0,495.0,491.0,10000.0,525.0,467.0,507.0,449.0,10000.0,526.0,459.0,436.0,430.0,459.0,10000.0,448.0,10000.0,588.0,10000.0,569.0,10000.0,619.0,633.0,639.0,632.0,668.0,613.0,597.0,10000.0,635.0,10000.0,522.0,605.0,10000.0,532.0,10000.0,520.0,10000.0,463.0,10000.0,10000.0,553.0,620.0,576.0,10000.0,10000.0,10000.0,10000.0,10000.0,552.0,571.0,440.0,557.0,10000.0,554.0,589.0,10000.0,601.0,629.0,614.0,10000.0,10000.0,422.0,10000.0,502.0,523.0,10000.0,429.0,10000.0,570.0,512.0,545.0,469.0,10000.0,530.0,10000.0,10000.0,548.0,10000.0,606.0,617.0,598.0,587.0,10000.0,10000.0,10000.0,10000.0,10000.0,616.0,657.0,10000.0,632.0,623.0,10000.0,640.0,633.0,632.0,634.0
50,504.0,10000.0,462.0,10000.0,10000.0,10000.0,10000.0,547.0,10000.0,570.0,479.0,510.0,441.0,447.0,10000.0,511.0,10000.0,10000.0,10000.0,10000.0,10000.0,521.0,666.0,10000.0,641.0,619.0,639.0,640.0,10000.0,619.0,689.0,10000.0,607.0,543.0,511.0,586.0,531.0,10000.0,501.0,550.0,10000.0,477.0,481.0,10000.0,573.0,10000.0,601.0,10000.0,10000.0,10000.0,6.0,10000.0,573.0,10000.0,545.0,470.0,462.0,10000.0,496.0,558.0,607.0,624.0,621.0,580.0,525.0,10000.0,10000.0,10000.0,467.0,487.0,504.0,10000.0,548.0,10000.0,522.0,10000.0,10000.0,501.0,10000.0,560.0,578.0,564.0,615.0,10000.0,613.0,573.0,10000.0,565.0,612.0,631.0,10000.0,612.0,626.0,10000.0,650.0,623.0,10000.0,635.0,643.0,627.0,652.0
51,554.0,10000.0,10000.0,10000.0,10000.0,529.0,10000.0,578.0,451.0,575.0,572.0,445.0,572.0,10000.0,539.0,544.0,10000.0,10000.0,10000.0,10000.0,10000.0,516.0,10000.0,607.0,10000.0,641.0,641.0,635.0,10000.0,603.0,10000.0,10000.0,632.0,540.0,593.0,485.0,10000.0,10000.0,10000.0,427.0,10000.0,10000.0,510.0,529.0,10000.0,10000.0,10000.0,469.0,10000.0,597.0,10000.0,10000.0,605.0,10000.0,428.0,10000.0,10000.0,572.0,10000.0,561.0,612.0,629.0,635.0,605.0,10000.0,549.0,10000.0,10000.0,509.0,10000.0,536.0,10000.0,567.0,475.0,533.0,555.0,10000.0,10000.0,489.0,10000.0,10000.0,10000.0,612.0,10000.0,10000.0,586.0,10000.0,10000.0,603.0,10000.0,10000.0,628.0,609.0,691.0,643.0,615.0,10000.0,646.0,634.0,634.0,641.0
52,417.0,10000.0,496.0,10000.0,10000.0,489.0,10000.0,582.0,10000.0,529.0,491.0,544.0,533.0,616.0,10000.0,499.0,10000.0,10000.0,10000.0,567.0,10000.0,10000.0,619.0,629.0,10000.0,646.0,636.0,639.0,616.0,592.0,613.0,573.0,10000.0,10000.0,10000.0,531.0,515.0,10000.0,537.0,416.0,10000.0,445.0,10000.0,480.0,10000.0,631.0,10000.0,513.0,482.0,10000.0,567.0,10000.0,10000.0,10000.0,478.0,10000.0,10000.0,10000.0,10000.0,10000.0,10000.0,629.0,606.0,515.0,523.0,10000.0,424.0,10000.0,551.0,447.0,551.0,504.0,10000.0,574.0,10000.0,10000.0,533.0,10000.0,597.0,10000.0,10000.0,590.0,582.0,10000.0,10000.0,532.0,10000.0,10000.0,584.0,677.0,594.0,10000.0,661.0,635.0,10000.0,633.0,677.0,646.0,634.0,639.0,638.0
53,435.0,10000.0,536.0,10000.0,10000.0,568.0,10000.0,581.0,10000.0,468.0,10000.0,524.0,396.0,566.0,10000.0,10000.0,10000.0,504.0,10000.0,10000.0,571.0,599.0,617.0,624.0,10000.0,636.0,638.0,638.0,628.0,593.0,10000.0,580.0,10000.0,10000.0,492.0,588.0,10000.0,10000.0,527.0,472.0,10000.0,429.0,513.0,527.0,553.0,625.0,578.0,10000.0,10000.0,430.0,10000.0,548.0,10000.0,10000.0,468.0,509.0,10000.0,583.0,607.0,601.0,618.0,615.0,10000.0,10000.0,10000.0,10000.0,10000.0,10000.0,10000.0,547.0,489.0,495.0,453.0,459.0,598.0,10000.0,10000.0,10000.0,567.0,514.0,605.0,512.0,10000.0,475.0,10000.0,537.0,614.0,10000.0,10000.0,674.0,10000.0,634.0,609.0,608.0,10000.0,651.0,641.0,645.0,629.0,635.0,647.0
54,539.0,10000.0,464.0,10000.0,515.0,494.0,10000.0,586.0,10000.0,10000.0,10000.0,496.0,466.0,591.0,453.0,475.0,10000.0,535.0,10000.0,10000.0,526.0,589.0,600.0,628.0,10000.0,657.0,646.0,636.0,10000.0,610.0,10000.0,594.0,10000.0,520.0,528.0,580.0,515.0,516.0,10000.0,431.0,10000.0,541.0,537.0,10000.0,10000.0,610.0,630.0,588.0,10000.0,10000.0,545.0,570.0,10000.0,575.0,595.0,10000.0,10000.0,577.0,616.0,631.0,614.0,10000.0,10000.0,10000.0,10000.0,10000.0,10000.0,403.0,448.0,459.0,10000.0,429.0,430.0,550.0,519.0,10000.0,499.0,598.0,611.0,527.0,10000.0,605.0,10000.0,529.0,10000.0,617.0,550.0,10000.0,10000.0,10000.0,605.0,10000.0,644.0,593.0,625.0,626.0,638.0,633.0,631.0,643.0,646.0
55,559.0,10000.0,10000.0,10000.0,500.0,496.0,10000.0,581.0,10000.0,10000.0,10000.0,536.0,10000.0,568.0,487.0,463.0,10000.0,10000.0,485.0,573.0,523.0,543.0,10000.0,613.0,621.0,657.0,645.0,645.0,10000.0,641.0,652.0,10000.0,10000.0,10000.0,567.0,584.0,500.0,10000.0,10000.0,510.0,543.0,475.0,427.0,10000.0,536.0,10000.0,632.0,603.0,10000.0,10000.0,473.0,443.0,518.0,598.0,621.0,10000.0,10000.0,631.0,624.0,610.0,10000.0,10000.0,534.0,10000.0,10000.0,489.0,450.0,10000.0,537.0,545.0,490.0,10000.0,584.0,486.0,10000.0,10000.0,10000.0,500.0,504.0,10000.0,590.0,606.0,509.0,10000.0,10000.0,10000.0,539.0,616.0,616.0,10000.0,604.0,635.0,10000.0,650.0,615.0,10000.0,637.0,636.0,629.0,641.0,648.0
56,557.0,10000.0,10000.0,10000.0,518.0,10000.0,10000.0,576.0,513.0,10000.0,10000.0,546.0,527.0,581.0,10000.0,520.0,10000.0,10000.0,540.0,10000.0,10000.0,539.0,10000.0,644.0,647.0,618.0,645.0,636.0,10000.0,669.0,609.0,625.0,590.0,572.0,10000.0,587.0,537.0,515.0,421.0,489.0,598.0,10000.0,10000.0,439.0,452.0,10000.0,616.0,599.0,10000.0,571.0,461.0,564.0,552.0,10000.0,490.0,551.0,570.0,10000.0,10000.0,551.0,10000.0,533.0,451.0,10000.0,466.0,10000.0,10000.0,10000.0,524.0,10000.0,10000.0,538.0,422.0,563.0,10000.0,512.0,519.0,551.0,552.0,10000.0,510.0,564.0,598.0,10000.0,605.0,10000.0,10000.0,10000.0,670.0,592.0,10000.0,10000.0,634.0,10000.0,622.0,10000.0,653.0,630.0,635.0,638.0,633.0
57,10000.0,10000.0,10000.0,10000.0,496.0,450.0,10000.0,577.0,10000.0,555.0,506.0,10000.0,587.0,550.0,10000.0,10000.0,10000.0,10000.0,10000.0,450.0,10000.0,515.0,639.0,10000.0,654.0,641.0,643.0,632.0,628.0,666.0,633.0,10000.0,10000.0,594.0,10000.0,10000.0,495.0,594.0,479.0,10000.0,10000.0,10000.0,430.0,493.0,10000.0,529.0,10000.0,636.0,10000.0,10000.0,10000.0,10000.0,578.0,485.0,10000.0,10000.0,10000.0,10000.0,535.0,481.0,528.0,10000.0,10000.0,440.0,493.0,10000.0,454.0,447.0,10000.0,10000.0,498.0,439.0,551.0,10000.0,10000.0,10000.0,563.0,10000.0,578.0,10000.0,609.0,10000.0,573.0,10000.0,10000.0,548.0,631.0,10000.0,614.0,645.0,10000.0,624.0,602.0,667.0,644.0,621.0,644.0,628.0,639.0,637.0,10000.0
58,523.0,10000.0,10000.0,10000.0,10000.0,506.0,10000.0,567.0,512.0,572.0,10000.0,455.0,10000.0,471.0,10000.0,10000.0,509.0,10000.0,10000.0,10000.0,10000.0,571.0,549.0,615.0,10000.0,10000.0,643.0,633.0,644.0,631.0,10000.0,650.0,10000.0,554.0,10000.0,486.0,514.0,10000.0,586.0,10000.0,445.0,535.0,527.0,10000.0,466.0,10000.0,10000.0,611.0,10000.0,554.0,498.0,558.0,488.0,508.0,10000.0,432.0,10000.0,10000.0,484.0,514.0,10000.0,516.0,538.0,424.0,10000.0,430.0,523.0,10000.0,10000.0,592.0,10000.0,441.0,483.0,10000.0,10000.0,473.0,535.0,10000.0,10000.0,485.0,579.0,584.0,10000.0,10000.0,561.0,10000.0,572.0,10000.0,10000.0,637.0,619.0,10000.0,637.0,614.0,10000.0,643.0,634.0,639.0,646.0,636.0,10000.0
59,485.0,10000.0,10000.0,10000.0,508.0,10000.0,10000.0,545.0,10000.0,563.0,454.0,10000.0,488.0,10000.0,422.0,10000.0,10000.0,10000.0,10000.0,10000.0,634.0,565.0,10000.0,599.0,611.0,638.0,653.0,632.0,643.0,625.0,611.0,617.0,564.0,640.0,567.0,568.0,607.0,568.0,506.0,10000.0,513.0,10000.0,10000.0,455.0,10000.0,10000.0,10000.0,10000.0,641.0,629.0,560.0,586.0,575.0,489.0,10000.0,446.0,10000.0,449.0,465.0,474.0,10000.0,444.0,427.0,537.0,476.0,10000.0,10000.0,533.0,10000.0,585.0,10000.0,537.0,10000.0,10000.0,10000.0,10000.0,501.0,517.0,10000.0,611.0,592.0,578.0,10000.0,586.0,573.0,602.0,635.0,579.0,10000.0,627.0,607.0,615.0,10000.0,633.0,680.0,643.0,635.0,635.0,647.0,631.0,649.0
60,522.0,10000.0,10000.0,10000.0,523.0,481.0,10000.0,548.0,478.0,527.0,447.0,552.0,10000.0,10000.0,467.0,421.0,624.0,10000.0,593.0,10000.0,10000.0,10000.0,512.0,10000.0,640.0,625.0,10000.0,645.0,646.0,633.0,615.0,679.0,10000.0,602.0,10000.0,10000.0,568.0,10000.0,561.0,485.0,503.0,587.0,10000.0,446.0,10000.0,491.0,10000.0,10000.0,598.0,620.0,608.0,10000.0,10000.0,573.0,561.0,10000.0,490.0,409.0,532.0,10000.0,10000.0,10000.0,10000.0,10000.0,10000.0,541.0,595.0,10000.0,442.0,514.0,502.0,10000.0,488.0,524.0,563.0,514.0,581.0,10000.0,607.0,561.0,483.0,10000.0,10000.0,10000.0,10000.0,571.0,10000.0,10000.0,589.0,647.0,681.0,620.0,623.0,646.0,647.0,633.0,631.0,636.0,639.0,10000.0,621.0
61,458.0,614.0,447.0,10000.0,530.0,10000.0,10000.0,10000.0,10000.0,446.0,473.0,10000.0,547.0,498.0,573.0,10000.0,10000.0,10000.0,10000.0,10000.0,10000.0,10000.0,10000.0,645.0,600.0,10000.0,653.0,638.0,642.0,10000.0,10000.0,604.0,10000.0,632.0,10000.0,610.0,527.0,545.0,10000.0,10000.0,10000.0,10000.0,593.0,10000.0,10000.0,449.0,10000.0,10000.0,512.0,631.0,625.0,590.0,10000.0,10000.0,555.0,560.0,10000.0,10000.0,498.0,565.0,519.0,551.0,429.0,415.0,472.0,432.0,508.0,488.0,10000.0,10000.0,10000.0,485.0,10000.0,503.0,530.0,559.0,496.0,582.0,565.0,576.0,10000.0,526.0,10000.0,10000.0,10000.0,10000.0,612.0,10000.0,627.0,610.0,611.0,10000.0,628.0,10000.0,644.0,630.0,627.0,636.0,647.0,654.0,10000.0
62,10000.0,518.0,462.0,606.0,488.0,10000.0,10000.0,10000.0,574.0,421.0,493.0,10000.0,10000.0,557.0,10000.0,570.0,550.0,10000.0,598.0,511.0,10000.0,484.0,573.0,10000.0,598.0,621.0,639.0,648.0,624.0,650.0,631.0,10000.0,589.0,10000.0,10000.0,533.0,10000.0,601.0,484.0,502.0,490.0,532.0,10000.0,10000.0,523.0,10000.0,10000.0,10000.0,522.0,602.0,621.0,640.0,595.0,10000.0,541.0,568.0,587.0,10000.0,475.0,479.0,10000.0,10000.0,500.0,10000.0,536.0,524.0,10000.0,10000.0,420.0,471.0,580.0,503.0,565.0,10000.0,486.0,10000.0,598.0,564.0,10000.0,10000.0,513.0,10000.0,554.0,10000.0,10000.0,647.0,633.0,640.0,614.0,10000.0,636.0,631.0,673.0,635.0,639.0,638.0,640.0,651.0,10000.0,638.0,657.0
63,545.0,546.0,448.0,550.0,10000.0,536.0,10000.0,10000.0,540.0,558.0,10000.0,441.0,569.0,549.0,10000.0,10000.0,551.0,10000.0,10000.0,10000.0,455.0,10000.0,10000.0,625.0,600.0,10000.0,10000.0,622.0,632.0,638.0,650.0,594.0,10000.0,10000.0,597.0,551.0,10000.0,10000.0,10000.0,531.0,525.0,10000.0,441.0,497.0,10000.0,535.0,402.0,10000.0,10000.0,10000.0,578.0,623.0,638.0,637.0,602.0,10000.0,10000.0,10000.0,572.0,553.0,585.0,448.0,532.0,10000.0,10000.0,10000.0,10000.0,520.0,10000.0,515.0,595.0,10000.0,569.0,10000.0,551.0,600.0,10000.0,10000.0,10000.0,10000.0,10000.0,633.0,10000.0,584.0,10000.0,10000.0,564.0,715.0,638.0,601.0,687.0,646.0,658.0,647.0,632.0,633.0,635.0,644.0,655.0,10000.0,644.0
64,614.0,500.0,10000.0,529.0,516.0,10000.0,10000.0,10000.0,551.0,434.0,10000.0,10000.0,10000.0,555.0,497.0,10000.0,474.0,547.0,10000.0,10000.0,527.0,10000.0,525.0,10000.0,10000.0,597.0,623.0,10000.0,634.0,641.0,10000.0,652.0,594.0,10000.0,10000.0,10000.0,534.0,10000.0,599.0,559.0,564.0,10000.0,488.0,440.0,10000.0,543.0,448.0,10000.0,420.0,541.0,522.0,10000.0,617.0,618.0,621.0,10000.0,10000.0,10000.0,10000.0,10000.0,590.0,10000.0,10000.0,10000.0,532.0,10000.0,518.0,10000.0,515.0,501.0,534.0,493.0,516.0,603.0,575.0,523.0,10000.0,10000.0,532.0,10000.0,560.0,540.0,10000.0,10000.0,10000.0,10000.0,10000.0,10000.0,621.0,10000.0,618.0,10000.0,647.0,640.0,627.0,634.0,641.0,10000.0,626.0,620.0,636.0
65,10000.0,10000.0,10000.0,520.0,10000.0,10000.0,422.0,10000.0,581.0,464.0,579.0,463.0,10000.0,457.0,10000.0,10000.0,497.0,10000.0,10000.0,10000.0,445.0,479.0,10000.0,557.0,10000.0,613.0,650.0,624.0,651.0,631.0,648.0,627.0,10000.0,606.0,561.0,604.0,10000.0,10000.0,564.0,493.0,513.0,10000.0,10000.0,554.0,541.0,488.0,462.0,10000.0,10000.0,10000.0,10000.0,10000.0,10000.0,626.0,627.0,10000.0,10000.0,10000.0,560.0,608.0,512.0,571.0,604.0,577.0,602.0,594.0,485.0,532.0,590.0,582.0,588.0,587.0,10000.0,488.0,567.0,10000.0,606.0,533.0,551.0,10000.0,604.0,10000.0,10000.0,10000.0,637.0,638.0,607.0,623.0,627.0,618.0,10000.0,649.0,643.0,628.0,638.0,638.0,651.0,649.0,10000.0,10000.0,10000.0
66,10000.0,542.0,10000.0,10000.0,10000.0,476.0,10000.0,10000.0,514.0,448.0,514.0,452.0,460.0,486.0,10000.0,583.0,10000.0,10000.0,10000.0,575.0,570.0,581.0,511.0,10000.0,567.0,10000.0,10000.0,10000.0,644.0,635.0,653.0,645.0,601.0,652.0,609.0,10000.0,560.0,10000.0,10000.0,585.0,579.0,10000.0,10000.0,10000.0,422.0,10000.0,10000.0,548.0,557.0,10000.0,10000.0,423.0,10000.0,606.0,622.0,629.0,625.0,10000.0,619.0,10000.0,579.0,10000.0,10000.0,621.0,10000.0,519.0,513.0,589.0,10000.0,489.0,529.0,566.0,10000.0,10000.0,10000.0,568.0,10000.0,10000.0,10000.0,594.0,10000.0,561.0,601.0,563.0,10000.0,616.0,617.0,616.0,625.0,669.0,653.0,649.0,625.0,636.0,640.0,659.0,666.0,10000.0,642.0,644.0,10000.0
67,10000.0,10000.0,10000.0,497.0,10000.0,548.0,535.0,10000.0,10000.0,10000.0,570.0,575.0,10000.0,10000.0,452.0,10000.0,10000.0,10000.0,10000.0,10000.0,544.0,10000.0,10000.0,10000.0,10000.0,609.0,636.0,632.0,10000.0,630.0,646.0,10000.0,10000.0,633.0,560.0,10000.0,542.0,10000.0,10000.0,563.0,10000.0,503.0,473.0,10000.0,574.0,578.0,428.0,489.0,448.0,515.0,10000.0,10000.0,10000.0,491.0,10000.0,10000.0,634.0,641.0,623.0,593.0,10000.0,10000.0,10000.0,10000.0,10000.0,10000.0,10000.0,540.0,539.0,10000.0,10000.0,519.0,10000.0,561.0,596.0,555.0,639.0,597.0,625.0,10000.0,10000.0,10000.0,605.0,644.0,630.0,610.0,670.0,621.0,674.0,644.0,647.0,637.0,630.0,641.0,637.0,10000.0,639.0,626.0,641.0,636.0,637.0
68,10000.0,468.0,575.0,487.0,621.0,600.0,522.0,10000.0,10000.0,454.0,566.0,10000.0,439.0,568.0,551.0,576.0,541.0,484.0,469.0,10000.0,10000.0,470.0,10000.0,10000.0,582.0,579.0,610.0,614.0,620.0,636.0,620.0,647.0,632.0,611.0,10000.0,10000.0,10000.0,623.0,512.0,580.0,605.0,518.0,537.0,10000.0,10000.0,485.0,433.0,494.0,550.0,10000.0,467.0,500.0,10000.0,10000.0,10000.0,558.0,10000.0,651.0,632.0,637.0,613.0,604.0,601.0,624.0,10000.0,617.0,10000.0,642.0,603.0,630.0,10000.0,10000.0,10000.0,10000.0,591.0,10000.0,10000.0,568.0,10000.0,10000.0,584.0,10000.0,595.0,10000.0,604.0,10000.0,622.0,10000.0,642.0,637.0,630.0,636.0,638.0,637.0,10000.0,627.0,633.0,622.0,10000.0,10000.0,612.0
69,10000.0,595.0,465.0,522.0,501.0,10000.0,509.0,584.0,10000.0,559.0,546.0,546.0,10000.0,457.0,496.0,10000.0,470.0,480.0,581.0,10000.0,10000.0,10000.0,10000.0,552.0,546.0,566.0,10000.0,10000.0,10000.0,657.0,648.0,642.0,10000.0,679.0,617.0,646.0,10000.0,10000.0,10000.0,10000.0,569.0,10000.0,10000.0,560.0,515.0,10000.0,550.0,453.0,502.0,538.0,484.0,518.0,467.0,10000.0,10000.0,514.0,10000.0,600.0,628.0,640.0,627.0,630.0,615.0,623.0,623.0,10000.0,626.0,10000.0,10000.0,10000.0,10000.0,570.0,585.0,599.0,10000.0,618.0,10000.0,653.0,620.0,679.0,601.0,10000.0,600.0,648.0,627.0,646.0,10000.0,645.0,644.0,621.0,634.0,640.0,640.0,10000.0,624.0,625.0,10000.0,10000.0,10000.0,10000.0,10000.0
70,569.0,540.0,460.0,443.0,451.0,10000.0,519.0,483.0,10000.0,557.0,10000.0,563.0,451.0,451.0,478.0,561.0,10000.0,521.0,435.0,10000.0,10000.0,574.0,10000.0,10000.0,10000.0,10000.0,611.0,651.0,638.0,651.0,642.0,632.0,650.0,624.0,616.0,642.0,10000.0,579.0,552.0,526.0,487.0,610.0,10000.0,10000.0,522.0,10000.0,518.0,461.0,10000.0,10000.0,504.0,10000.0,496.0,516.0,10000.0,547.0,479.0,10000.0,586.0,624.0,620.0,642.0,631.0,632.0,662.0,603.0,610.0,10000.0,624.0,602.0,683.0,10000.0,610.0,10000.0,10000.0,641.0,613.0,635.0,10000.0,609.0,614.0,10000.0,632.0,651.0,10000.0,640.0,647.0,642.0,618.0,635.0,642.0,651.0,10000.0,626.0,634.0,10000.0,10000.0,10000.0,10000.0,10000.0,10000.0
71,638.0,10000.0,525.0,10000.0,10000.0,10000.0,521.0,10000.0,10000.0,10000.0,519.0,562.0,444.0,10000.0,10000.0,10000.0,10000.0,450.0,549.0,10000.0,10000.0,477.0,568.0,10000.0,10000.0,559.0,10000.0,10000.0,636.0,642.0,644.0,638.0,643.0,674.0,614.0,599.0,10000.0,10000.0,10000.0,10000.0,10000.0,597.0,485.0,578.0,553.0,10000.0,10000.0,597.0,584.0,574.0,10000.0,431.0,448.0,425.0,10000.0,10000.0,10000.0,497.0,608.0,660.0,611.0,10000.0,650.0,645.0,619.0,638.0,628.0,10000.0,610.0,660.0,611.0,627.0,592.0,598.0,591.0,613.0,642.0,667.0,667.0,624.0,630.0,638.0,10000.0,644.0,642.0,639.0,630.0,631.0,640.0,633.0,659.0,645.0,646.0,628.0,641.0,10000.0,10000.0,10000.0,10000.0,10000.0,10000.0
72,637.0,534.0,10000.0,599.0,10000.0,10000.0,10000.0,545.0,10000.0,10000.0,573.0,567.0,509.0,10000.0,459.0,584.0,478.0,481.0,519.0,10000.0,10000.0,591.0,539.0,607.0,562.0,594.0,541.0,595.0,631.0,633.0,10000.0,644.0,628.0,650.0,628.0,616.0,10000.0,10000.0,10000.0,10000.0,10000.0,578.0,578.0,10000.0,556.0,501.0,498.0,10000.0,10000.0,472.0,547.0,10000.0,10000.0,10000.0,394.0,529.0,10000.0,10000.0,10000.0,10000.0,10000.0,10000.0,640.0,624.0,619.0,640.0,633.0,632.0,631.0,640.0,624.0,667.0,10000.0,10000.0,619.0,635.0,10000.0,10000.0,10000.0,630.0,637.0,642.0,639.0,638.0,628.0,630.0,627.0,645.0,642.0,10000.0,625.0,10000.0,631.0,634.0,624.0,619.0,10000.0,10000.0,10000.0,10000.0,10000.0
73,603.0,550.0,458.0,477.0,460.0,519.0,10000.0,491.0,552.0,10000.0,577.0,473.0,582.0,10000.0,10000.0,10000.0,455.0,581.0,536.0,483.0,10000.0,598.0,10000.0,583.0,10000.0,10000.0,529.0,651.0,612.0,641.0,637.0,654.0,635.0,646.0,669.0,633.0,10000.0,562.0,640.0,10000.0,10000.0,10000.0,584.0,609.0,10000.0,505.0,601.0,10000.0,10000.0,532.0,10000.0,567.0,10000.0,10000.0,10000.0,456.0,418.0,10000.0,10000.0,548.0,515.0,525.0,10000.0,10000.0,10000.0,10000.0,640.0,10000.0,641.0,631.0,628.0,631.0,631.0,639.0,630.0,638.0,639.0,638.0,639.0,633.0,628.0,626.0,627.0,637.0,636.0,642.0,629.0,10000.0,630.0,10000.0,629.0,614.0,10000.0,647.0,10000.0,597.0,645.0,556.0,10000.0,10000.0,593.0
74,570.0,563.0,10000.0,498.0,10000.0,545.0,10000.0,542.0,513.0,10000.0,546.0,10000.0,431.0,460.0,10000.0,10000.0,10000.0,10000.0,452.0,465.0,550.0,10000.0,10000.0,10000.0,10000.0,597.0,529.0,554.0,10000.0,10000.0,638.0,10000.0,640.0,637.0,646.0,621.0,611.0,719.0,631.0,10000.0,10000.0,594.0,10000.0,10000.0,509.0,10000.0,612.0,10000.0,535.0,554.0,520.0,515.0,522.0,10000.0,447.0,484.0,522.0,10000.0,486.0,10000.0,10000.0,604.0,10000.0,507.0,10000.0,659.0,10000.0,637.0,612.0,606.0,620.0,10000.0,642.0,642.0,635.0,646.0,634.0,636.0,634.0,635.0,643.0,645.0,645.0,657.0,10000.0,661.0,626.0,10000.0,624.0,656.0,10000.0,630.0,611.0,10000.0,608.0,10000.0,543.0,528.0,532.0,10000.0,498.0
75,10000.0,10000.0,530.0,554.0,10000.0,10000.0,10000.0,603.0,10000.0,10000.0,10000.0,10000.0,528.0,10000.0,10000.0,501.0,582.0,466.0,422.0,465.0,10000.0,10000.0,599.0,10000.0,10000.0,10000.0,10000.0,10000.0,10000.0,10000.0,10000.0,629.0,641.0,627.0,647.0,10000.0,10000.0,634.0,634.0,616.0,570.0,572.0,10000.0,577.0,566.0,589.0,530.0,570.0,10000.0,10000.0,10000.0,536.0,479.0,449.0,10000.0,467.0,476.0,553.0,10000.0,531.0,10000.0,10000.0,10000.0,10000.0,10000.0,498.0,10000.0,595.0,10000.0,630.0,619.0,10000.0,633.0,10000.0,624.0,619.0,642.0,640.0,637.0,649.0,652.0,621.0,631.0,10000.0,635.0,617.0,10000.0,627.0,10000.0,593.0,620.0,10000.0,612.0,582.0,564.0,10000.0,558.0,595.0,10000.0,595.0,10000.0
76,529.0,643.0,474.0,574.0,600.0,415.0,605.0,10000.0,10000.0,10000.0,10000.0,569.0,10000.0,577.0,482.0,10000.0,546.0,428.0,10000.0,568.0,490.0,10000.0,10000.0,495.0,568.0,10000.0,501.0,10000.0,10000.0,10000.0,10000.0,625.0,10000.0,645.0,624.0,650.0,633.0,602.0,614.0,10000.0,10000.0,598.0,561.0,10000.0,600.0,604.0,10000.0,512.0,600.0,10000.0,10000.0,474.0,10000.0,496.0,568.0,10000.0,514.0,10000.0,480.0,530.0,405.0,454.0,10000.0,10000.0,514.0,10000.0,10000.0,10000.0,536.0,608.0,10000.0,10000.0,576.0,10000.0,10000.0,612.0,632.0,10000.0,10000.0,10000.0,10000.0,620.0,646.0,647.0,10000.0,609.0,637.0,605.0,601.0,607.0,10000.0,10000.0,571.0,10000.0,578.0,554.0,10000.0,10000.0,564.0,10000.0,10000.0
77,585.0,563.0,10000.0,615.0,10000.0,10000.0,10000.0,10000.0,551.0,10000.0,10000.0,534.0,10000.0,467.0,457.0,10000.0,10000.0,10000.0,589.0,554.0,10000.0,10000.0,10000.0,10000.0,547.0,10000.0,10000.0,598.0,10000.0,10000.0,10000.0,10000.0,638.0,648.0,644.0,642.0,10000.0,704.0,10000.0,625.0,10000.0,631.0,10000.0,10000.0,10000.0,508.0,603.0,613.0,10000.0,491.0,501.0,10000.0,519.0,10000.0,10000.0,476.0,10000.0,496.0,575.0,10000.0,496.0,10000.0,10000.0,460.0,10000.0,10000.0,494.0,578.0,10000.0,10000.0,566.0,531.0,548.0,570.0,10000.0,589.0,10000.0,10000.0,604.0,622.0,622.0,623.0,608.0,642.0,10000.0,613.0,604.0,10000.0,646.0,10000.0,626.0,10000.0,559.0,10000.0,10000.0,10000.0,551.0,10000.0,10000.0,608.0,582.0
78,10000.0,489.0,566.0,528.0,585.0,10000.0,412.0,10000.0,495.0,528.0,10000.0,538.0,10000.0,562.0,10000.0,10000.0,497.0,10000.0,481.0,10000.0,433.0,10000.0,10000.0,10000.0,10000.0,10000.0,10000.0,10000.0,10000.0,10000.0,10000.0,10000.0,642.0,10000.0,640.0,625.0,647.0,645.0,637.0,604.0,585.0,578.0,571.0,544.0,605.0,10000.0,10000.0,516.0,10000.0,10000.0,10000.0,538.0,10000.0,529.0,481.0,444.0,10000.0,10000.0,544.0,437.0,10000.0,554.0,10000.0,10000.0,529.0,10000.0,10000.0,10000.0,10000.0,420.0,455.0,10000.0,10000.0,507.0,10000.0,602.0,631.0,572.0,662.0,10000.0,616.0,618.0,598.0,10000.0,10000.0,638.0,547.0,10000.0,513.0,10000.0,577.0,10000.0,524.0,10000.0,510.0,10000.0,10000.0,10000.0,10000.0,562.0,535.0
79,10000.0,10000.0,632.0,565.0,450.0,628.0,545.0,616.0,10000.0,568.0,10000.0,10000.0,569.0,466.0,573.0,452.0,492.0,509.0,563.0,10000.0,10000.0,566.0,558.0,10000.0,10000.0,521.0,10000.0,10000.0,518.0,10000.0,10000.0,10000.0,622.0,638.0,660.0,647.0,636.0,658.0,628.0,610.0,646.0,10000.0,10000.0,631.0,10000.0,10000.0,532.0,10000.0,589.0,10000.0,562.0,10000.0,480.0,10000.0,513.0,566.0,10000.0,10000.0,10000.0,462.0,10000.0,10000.0,500.0,10000.0,541.0,482.0,510.0,10000.0,10000.0,10000.0,524.0,10000.0,561.0,509.0,10000.0,10000.0,10000.0,488.0,10000.0,519.0,519.0,10000.0,602.0,590.0,541.0,537.0,508.0,570.0,563.0,10000.0,10000.0,492.0,10000.0,10000.0,478.0,577.0,10000.0,468.0,10000.0,571.0,475.0
80,10000.0,10000.0,621.0,558.0,537.0,456.0,10000.0,496.0,10000.0,10000.0,10000.0,10000.0,534.0,10000.0,551.0,503.0,462.0,10000.0,470.0,489.0,10000.0,10000.0,493.0,10000.0,445.0,10000.0,10000.0,609.0,10000.0,628.0,10000.0,10000.0,10000.0,633.0,661.0,634.0,638.0,642.0,672.0,10000.0,672.0,629.0,10000.0,10000.0,10000.0,10000.0,10000.0,474.0,586.0,10000.0,578.0,10000.0,10000.0,10000.0,10000.0,509.0,515.0,486.0,10000.0,471.0,10000.0,10000.0,554.0,10000.0,553.0,480.0,10000.0,10000.0,457.0,535.0,10000.0,10000.0,10000.0,10000.0,10000.0,480.0,10000.0,10000.0,10000.0,587.0,10000.0,10000.0,10000.0,573.0,524.0,525.0,10000.0,10000.0,10000.0,628.0,10000.0,10000.0,10000.0,455.0,524.0,446.0,574.0,540.0,10000.0,10000.0,10000.0
81,10000.0,10000.0,10000.0,677.0,10000.0,550.0,501.0,10000.0,10000.0,583.0,10000.0,10000.0,447.0,532.0,10000.0,461.0,10000.0,454.0,466.0,10000.0,10000.0,10000.0,514.0,10000.0,10000.0,10000.0,10000.0,10000.0,10000.0,512.0,10000.0,10000.0,10000.0,640.0,10000.0,653.0,647.0,631.0,643.0,637.0,615.0,606.0,629.0,608.0,10000.0,537.0,617.0,10000.0,10000.0,611.0,565.0,548.0,614.0,498.0,508.0,10000.0,10000.0,422.0,10000.0,541.0,536.0,10000.0,545.0,450.0,10000.0,10000.0,588.0,569.0,10000.0,10000.0,505.0,10000.0,10000.0,10000.0,556.0,10000.0,482.0,10000.0,10000.0,10000.0,10000.0,10000.0,10000.0,575.0,10000.0,10000.0,577.0,10000.0,449.0,10000.0,10000.0,10000.0,10000.0,517.0,10000.0,10000.0,10000.0,580.0,10000.0,10000.0,10000.0
82,10000.0,10000.0,580.0,631.0,499.0,537.0,620.0,547.0,10000.0,551.0,10000.0,10000.0,10000.0,581.0,10000.0,535.0,10000.0,10000.0,10000.0,484.0,533.0,10000.0,10000.0,533.0,10000.0,418.0,10000.0,10000.0,10000.0,10000.0,10000.0,10000.0,613.0,645.0,648.0,654.0,639.0,634.0,639.0,10000.0,632.0,616.0,613.0,651.0,661.0,613.0,549.0,543.0,10000.0,10000.0,621.0,10000.0,10000.0,615.0,533.0,499.0,10000.0,505.0,545.0,438.0,10000.0,604.0,10000.0,10000.0,511.0,498.0,448.0,10000.0,489.0,485.0,10000.0,481.0,462.0,10000.0,480.0,10000.0,10000.0,10000.0,485.0,10000.0,10000.0,450.0,10000.0,10000.0,10000.0,10000.0,10000.0,487.0,542.0,10000.0,10000.0,10000.0,591.0,10000.0,597.0,10000.0,10000.0,10000.0,10000.0,10000.0,469.0
83,10000.0,10000.0,10000.0,601.0,567.0,10000.0,473.0,10000.0,10000.0,10000.0,509.0,462.0,10000.0,10000.0,520.0,454.0,10000.0,10000.0,10000.0,10000.0,10000.0,592.0,529.0,451.0,10000.0,10000.0,10000.0,10000.0,580.0,10000.0,533.0,596.0,567.0,635.0,641.0,10000.0,10000.0,646.0,640.0,648.0,655.0,10000.0,10000.0,10000.0,593.0,617.0,10000.0,608.0,533.0,10000.0,10000.0,602.0,10000.0,544.0,617.0,10000.0,521.0,10000.0,10000.0,10000.0,548.0,415.0,10000.0,534.0,10000.0,543.0,10000.0,487.0,451.0,10000.0,445.0,10000.0,571.0,427.0,10000.0,418.0,493.0,581.0,10000.0,10000.0,10000.0,10000.0,10000.0,10000.0,10000.0,10000.0,502.0,533.0,10000.0,10000.0,10000.0,10000.0,10000.0,10000.0,10000.0,10000.0,10000.0,547.0,10000.0,10000.0,10000.0
84,10000.0,10000.0,10000.0,507.0,586.0,458.0,593.0,10000.0,496.0,10000.0,547.0,10000.0,10000.0,10000.0,556.0,10000.0,574.0,454.0,10000.0,537.0,514.0,571.0,10000.0,10000.0,608.0,10000.0,551.0,530.0,10000.0,10000.0,10000.0,643.0,586.0,10000.0,10000.0,10000.0,635.0,652.0,637.0,637.0,651.0,641.0,635.0,620.0,10000.0,10000.0,10000.0,10000.0,10000.0,587.0,610.0,615.0,600.0,534.0,555.0,613.0,594.0,10000.0,10000.0,10000.0,601.0,10000.0,532.0,519.0,10000.0,456.0,10000.0,517.0,10000.0,428.0,10000.0,10000.0,507.0,504.0,10000.0,10000.0,481.0,10000.0,423.0,10000.0,541.0,10000.0,10000.0,458.0,10000.0,10000.0,10000.0,10000.0,10000.0,10000.0,10000.0,10000.0,509.0,10000.0,625.0,10000.0,549.0,557.0,473.0,499.0,10000.0
85,10000.0,10000.0,10000.0,502.0,632.0,432.0,524.0,10000.0,440.0,548.0,10000.0,489.0,10000.0,10000.0,549.0,565.0,530.0,10000.0,10000.0,501.0,10000.0,480.0,494.0,10000.0,505.0,10000.0,10000.0,463.0,527.0,606.0,10000.0,10000.0,540.0,555.0,634.0,10000.0,628.0,658.0,653.0,630.0,636.0,692.0,617.0,600.0,10000.0,601.0,10000.0,10000.0,10000.0,10000.0,573.0,599.0,10000.0,601.0,493.0,535.0,624.0,507.0,10000.0,471.0,10000.0,541.0,480.0,559.0,10000.0,10000.0,10000.0,10000.0,496.0,474.0,471.0,10000.0,479.0,10000.0,552.0,451.0,518.0,10000.0,10000.0,469.0,10000.0,10000.0,522.0,10000.0,428.0,510.0,545.0,497.0,10000.0,474.0,462.0,516.0,10000.0,10000.0,10000.0,420.0,10000.0,567.0,10000.0,10000.0,10000.0
86,10000.0,10000.0,10000.0,10000.0,584.0,10000.0,593.0,532.0,10000.0,10000.0,10000.0,446.0,10000.0,10000.0,525.0,549.0,501.0,522.0,458.0,510.0,10000.0,519.0,10000.0,549.0,10000.0,604.0,10000.0,529.0,464.0,10000.0,474.0,10000.0,10000.0,629.0,605.0,10000.0,642.0,10000.0,10000.0,637.0,622.0,644.0,10000.0,665.0,639.0,642.0,610.0,677.0,582.0,10000.0,10000.0,588.0,569.0,10000.0,604.0,526.0,569.0,10000.0,581.0,10000.0,512.0,10000.0,10000.0,565.0,10000.0,493.0,543.0,441.0,10000.0,10000.0,10000.0,514.0,529.0,10000.0,447.0,10000.0,487.0,572.0,440.0,415.0,455.0,518.0,10000.0,10000.0,10000.0,436.0,10000.0,539.0,10000.0,10000.0,453.0,485.0,10000.0,10000.0,10000.0,421.0,467.0,574.0,10000.0,10000.0,494.0
87,467.0,10000.0,10000.0,10000.0,485.0,10000.0,540.0,454.0,10000.0,502.0,615.0,10000.0,510.0,10000.0,10000.0,586.0,442.0,480.0,505.0,10000.0,510.0,531.0,481.0,10000.0,10000.0,522.0,10000.0,10000.0,10000.0,10000.0,579.0,10000.0,518.0,532.0,10000.0,647.0,643.0,654.0,640.0,650.0,640.0,643.0,648.0,653.0,10000.0,10000.0,10000.0,10000.0,686.0,597.0,562.0,10000.0,634.0,543.0,10000.0,606.0,586.0,592.0,558.0,10000.0,606.0,10000.0,10000.0,570.0,599.0,581.0,578.0,428.0,10000.0,10000.0,10000.0,10000.0,592.0,479.0,462.0,566.0,10000.0,10000.0,10000.0,424.0,553.0,555.0,513.0,540.0,10000.0,10000.0,455.0,446.0,10000.0,618.0,568.0,588.0,574.0,582.0,550.0,469.0,10000.0,10000.0,496.0,560.0,553.0
88,561.0,10000.0,10000.0,10000.0,555.0,634.0,10000.0,477.0,466.0,567.0,10000.0,10000.0,517.0,506.0,10000.0,556.0,518.0,10000.0,10000.0,438.0,10000.0,517.0,503.0,10000.0,10000.0,457.0,464.0,10000.0,10000.0,455.0,10000.0,10000.0,553.0,558.0,10000.0,608.0,607.0,10000.0,655.0,657.0,639.0,639.0,637.0,626.0,630.0,633.0,633.0,631.0,588.0,10000.0,614.0,10000.0,10000.0,10000.0,10000.0,10000.0,598.0,10000.0,574.0,10000.0,507.0,10000.0,476.0,10000.0,10000.0,523.0,10000.0,432.0,419.0,499.0,10000.0,10000.0,10000.0,10000.0,10000.0,523.0,473.0,449.0,516.0,526.0,460.0,481.0,549.0,10000.0,540.0,566.0,526.0,525.0,444.0,570.0,535.0,397.0,466.0,10000.0,525.0,587.0,10000.0,488.0,10000.0,548.0,10000.0
89,10000.0,10000.0,10000.0,10000.0,532.0,549.0,522.0,550.0,10000.0,10000.0,10000.0,10000.0,562.0,10000.0,10000.0,10000.0,592.0,10000.0,10000.0,524.0,10000.0,535.0,537.0,497.0,530.0,525.0,553.0,10000.0,10000.0,10000.0,591.0,10000.0,558.0,10000.0,10000.0,10000.0,585.0,10000.0,644.0,10000.0,10000.0,650.0,640.0,639.0,10000.0,618.0,597.0,613.0,10000.0,10000.0,631.0,10000.0,10000.0,10000.0,10000.0,517.0,10000.0,604.0,552.0,538.0,556.0,489.0,436.0,526.0,10000.0,10000.0,489.0,599.0,10000.0,10000.0,480.0,539.0,10000.0,508.0,10000.0,10000.0,10000.0,585.0,529.0,10000.0,564.0,551.0,10000.0,453.0,525.0,10000.0,10000.0,10000.0,10000.0,517.0,446.0,544.0,525.0,495.0,535.0,544.0,10000.0,455.0,10000.0,555.0,10000.0
90,10000.0,499.0,10000.0,10000.0,10000.0,10000.0,626.0,548.0,465.0,10000.0,10000.0,555.0,595.0,586.0,543.0,10000.0,10000.0,445.0,584.0,451.0,10000.0,10000.0,530.0,502.0,588.0,10000.0,10000.0,489.0,10000.0,10000.0,443.0,10000.0,10000.0,10000.0,10000.0,563.0,575.0,10000.0,656.0,10000.0,634.0,629.0,641.0,637.0,646.0,10000.0,631.0,612.0,655.0,621.0,10000.0,10000.0,10000.0,10000.0,611.0,10000.0,559.0,10000.0,620.0,533.0,10000.0,557.0,608.0,410.0,10000.0,500.0,10000.0,10000.0,10000.0,10000.0,443.0,575.0,532.0,585.0,10000.0,540.0,10000.0,10000.0,10000.0,598.0,550.0,10000.0,455.0,499.0,493.0,569.0,10000.0,10000.0,485.0,449.0,480.0,570.0,492.0,10000.0,10000.0,10000.0,10000.0,506.0,10000.0,455.0,450.0
91,10000.0,550.0,442.0,10000.0,10000.0,446.0,10000.0,10000.0,10000.0,507.0,488.0,10000.0,10000.0,509.0,10000.0,10000.0,10000.0,582.0,479.0,519.0,470.0,10000.0,535.0,474.0,10000.0,587.0,10000.0,562.0,10000.0,10000.0,10000.0,10000.0,10000.0,548.0,539.0,10000.0,632.0,575.0,605.0,10000.0,633.0,658.0,639.0,648.0,636.0,644.0,634.0,10000.0,628.0,611.0,608.0,10000.0,10000.0,10000.0,549.0,614.0,10000.0,594.0,569.0,613.0,557.0,10000.0,575.0,584.0,10000.0,475.0,481.0,584.0,10000.0,535.0,604.0,568.0,546.0,10000.0,539.0,565.0,10000.0,539.0,461.0,540.0,10000.0,10000.0,10000.0,580.0,451.0,497.0,10000.0,493.0,552.0,474.0,512.0,571.0,578.0,528.0,466.0,10000.0,10000.0,10000.0,554.0,573.0,561.0
92,625.0,10000.0,532.0,10000.0,10000.0,10000.0,499.0,636.0,497.0,459.0,10000.0,462.0,604.0,532.0,473.0,493.0,10000.0,10000.0,561.0,10000.0,514.0,10000.0,10000.0,546.0,446.0,576.0,10000.0,10000.0,10000.0,10000.0,10000.0,10000.0,10000.0,569.0,601.0,560.0,10000.0,10000.0,676.0,10000.0,645.0,10000.0,10000.0,644.0,639.0,639.0,646.0,659.0,10000.0,684.0,627.0,619.0,10000.0,10000.0,10000.0,545.0,10000.0,624.0,605.0,502.0,604.0,486.0,520.0,562.0,521.0,480.0,480.0,10000.0,517.0,10000.0,10000.0,10000.0,607.0,430.0,509.0,10000.0,403.0,504.0,10000.0,461.0,473.0,475.0,10000.0,10000.0,10000.0,10000.0,589.0,577.0,534.0,10000.0,10000.0,468.0,10000.0,451.0,10000.0,10000.0,10000.0,10000.0,512.0,10000.0,509.0
93,10000.0,10000.0,547.0,10000.0,10000.0,10000.0,505.0,10000.0,10000.0,507.0,10000.0,468.0,10000.0,10000.0,536.0,552.0,10000.0,10000.0,584.0,482.0,536.0,562.0,477.0,10000.0,453.0,457.0,10000.0,10000.0,479.0,10000.0,10000.0,10000.0,10000.0,10000.0,530.0,10000.0,10000.0,528.0,10000.0,624.0,598.0,10000.0,10000.0,10000.0,638.0,637.0,645.0,646.0,646.0,650.0,10000.0,664.0,657.0,10000.0,10000.0,10000.0,536.0,10000.0,539.0,10000.0,498.0,595.0,629.0,10000.0,10000.0,10000.0,10000.0,10000.0,487.0,10000.0,434.0,10000.0,10000.0,566.0,557.0,10000.0,10000.0,612.0,10000.0,484.0,10000.0,10000.0,608.0,10000.0,10000.0,541.0,10000.0,10000.0,10000.0,10000.0,10000.0,548.0,523.0,545.0,576.0,575.0,577.0,579.0,580.0,575.0,575.0
94,10000.0,10000.0,10000.0,508.0,10000.0,10000.0,10000.0,537.0,691.0,509.0,547.0,10000.0,10000.0,10000.0,10000.0,10000.0,443.0,10000.0,10000.0,541.0,581.0,471.0,479.0,550.0,557.0,10000.0,528.0,10000.0,10000.0,442.0,10000.0,10000.0,10000.0,527.0,508.0,10000.0,495.0,10000.0,10000.0,10000.0,10000.0,10000.0,651.0,642.0,636.0,642.0,637.0,647.0,679.0,621.0,643.0,10000.0,10000.0,607.0,10000.0,10000.0,10000.0,588.0,10000.0,522.0,10000.0,615.0,10000.0,603.0,10000.0,10000.0,10000.0,576.0,493.0,10000.0,10000.0,513.0,10000.0,10000.0,10000.0,576.0,655.0,448.0,385.0,552.0,480.0,441.0,506.0,10000.0,511.0,490.0,525.0,10000.0,536.0,10000.0,10000.0,10000.0,10000.0,10000.0,10000.0,10000.0,10000.0,10000.0,10000.0,10000.0,10000.0
95,10000.0,561.0,10000.0,531.0,10000.0,10000.0,10000.0,582.0,621.0,481.0,431.0,490.0,10000.0,476.0,10000.0,487.0,10000.0,10000.0,10000.0,586.0,10000.0,444.0,486.0,541.0,10000.0,10000.0,480.0,10000.0,10000.0,528.0,10000.0,10000.0,10000.0,524.0,10000.0,10000.0,10000.0,575.0,10000.0,587.0,624.0,607.0,627.0,633.0,654.0,646.0,638.0,632.0,650.0,10000.0,625.0,635.0,622.0,10000.0,621.0,615.0,10000.0,10000.0,10000.0,10000.0,522.0,10000.0,505.0,10000.0,610.0,489.0,615.0,10000.0,579.0,544.0,10000.0,10000.0,10000.0,10000.0,10000.0,10000.0,440.0,511.0,567.0,10000.0,526.0,456.0,10000.0,10000.0,484.0,528.0,10000.0,10000.0,10000.0,575.0,487.0,463.0,515.0,10000.0,489.0,10000.0,530.0,488.0,569.0,492.0,493.0
96,10000.0,10000.0,10000.0,516.0,10000.0,10000.0,10000.0,524.0,10000.0,548.0,488.0,10000.0,10000.0,471.0,619.0,10000.0,10000.0,10000.0,10000.0,10000.0,10000.0,10000.0,515.0,480.0,10000.0,10000.0,550.0,519.0,10000.0,540.0,521.0,10000.0,10000.0,10000.0,10000.0,572.0,10000.0,10000.0,10000.0,10000.0,10000.0,595.0,10000.0,646.0,647.0,649.0,644.0,647.0,630.0,655.0,10000.0,631.0,622.0,627.0,10000.0,611.0,10000.0,10000.0,10000.0,10000.0,603.0,10000.0,10000.0,596.0,624.0,619.0,513.0,486.0,10000.0,549.0,573.0,440.0,10000.0,602.0,10000.0,10000.0,10000.0,10000.0,10000.0,546.0,606.0,497.0,597.0,529.0,10000.0,10000.0,10000.0,10000.0,10000.0,569.0,10000.0,10000.0,10000.0,10000.0,486.0,496.0,10000.0,10000.0,10000.0,10000.0,516.0
97,10000.0,10000.0,605.0,500.0,514.0,10000.0,10000.0,10000.0,10000.0,626.0,550.0,10000.0,570.0,10000.0,464.0,10000.0,501.0,10000.0,10000.0,10000.0,577.0,513.0,519.0,10000.0,10000.0,486.0,10000.0,575.0,10000.0,10000.0,491.0,10000.0,10000.0,10000.0,10000.0,554.0,10000.0,10000.0,637.0,10000.0,10000.0,668.0,10000.0,639.0,10000.0,10000.0,10000.0,646.0,653.0,643.0,641.0,10000.0,631.0,617.0,644.0,10000.0,604.0,10000.0,10000.0,10000.0,609.0,571.0,618.0,10000.0,573.0,10000.0,601.0,613.0,458.0,10000.0,550.0,565.0,10000.0,519.0,519.0,10000.0,10000.0,481.0,10000.0,10000.0,10000.0,10000.0,624.0,633.0,445.0,10000.0,423.0,425.0,600.0,507.0,462.0,10000.0,452.0,10000.0,518.0,617.0,10000.0,10000.0,10000.0,10000.0,10000.0
98,10000.0,560.0,553.0,10000.0,547.0,468.0,10000.0,10000.0,465.0,10000.0,507.0,10000.0,534.0,10000.0,487.0,637.0,10000.0,10000.0,492.0,10000.0,10000.0,10000.0,10000.0,582.0,452.0,10000.0,553.0,565.0,10000.0,10000.0,10000.0,511.0,10000.0,10000.0,10000.0,513.0,10000.0,10000.0,10000.0,10000.0,576.0,564.0,588.0,10000.0,611.0,10000.0,641.0,10000.0,649.0,636.0,639.0,648.0,685.0,637.0,603.0,641.0,10000.0,647.0,10000.0,611.0,620.0,10000.0,10000.0,538.0,10000.0,615.0,10000.0,10000.0,614.0,606.0,10000.0,518.0,585.0,568.0,588.0,593.0,10000.0,10000.0,550.0,10000.0,10000.0,10000.0,10000.0,535.0,10000.0,624.0,511.0,10000.0,608.0,561.0,582.0,510.0,612.0,10000.0,548.0,10000.0,429.0,10000.0,460.0,10000.0,494.0
99,10000.0,575.0,513.0,10000.0,10000.0,562.0,10000.0,10000.0,10000.0,487.0,623.0,558.0,597.0,509.0,10000.0,562.0,10000.0,10000.0,10000.0,10000.0,10000.0,588.0,484.0,465.0,10000.0,10000.0,10000.0,527.0,524.0,536.0,10000.0,10000.0,454.0,521.0,10000.0,10000.0,10000.0,10000.0,479.0,10000.0,534.0,588.0,633.0,10000.0,631.0,10000.0,645.0,633.0,10000.0,640.0,640.0,631.0,642.0,10000.0,635.0,603.0,638.0,10000.0,10000.0,10000.0,10000.0,603.0,10000.0,642.0,593.0,10000.0,10000.0,10000.0,10000.0,604.0,579.0,537.0,10000.0,573.0,10000.0,599.0,568.0,10000.0,584.0,10000.0,10000.0,482.0,10000.0,10000.0,10000.0,10000.0,513.0,579.0,628.0,10000.0,514.0,10000.0,596.0,10000.0,10000.0,10000.0,429.0,558.0,630.0,10000.0,10000.0
100,597.0,623.0,632.0,596.0,10000.0,536.0,10000.0,10000.0,10000.0,555.0,601.0,605.0,600.0,10000.0,10000.0,459.0,619.0,10000.0,476.0,10000.0,10000.0,542.0,472.0,10000.0,567.0,478.0,505.0,552.0,445.0,10000.0,10000.0,529.0,502.0,10000.0,10000.0,10000.0,10000.0,10000.0,10000.0,10000.0,538.0,10000.0,560.0,10000.0,648.0,10000.0,664.0,620.0,631.0,648.0,644.0,639.0,647.0,652.0,625.0,635.0,602.0,641.0,10000.0,632.0,10000.0,10000.0,633.0,10000.0,565.0,10000.0,10000.0,10000.0,548.0,499.0,558.0,598.0,592.0,533.0,10000.0,558.0,555.0,611.0,10000.0,571.0,10000.0,10000.0,10000.0,10000.0,468.0,10000.0,10000.0,10000.0,10000.0,570.0,570.0,619.0,606.0,10000.0,10000.0,473.0,10000.0,619.0,563.0,458.0,499.0
